destination,DFE_nonparam
9,1.936775238399251
15,1.733226819271778
24,1.274853229919463
29,.7794100922542746
30,.1591280162116732
32,.2473177478368291
33,.7995092175707724
34,1.277681395320833
35,.6545181813111755
36,1.120727237368362
37,-.4839736397641702
38,1.251014964963388
40,.010186054643143
41,-.0051230063331762
42,1.16889893207775
43,.5159522712662129
44,.7207821745863855
45,1.258577817606402
46,-.4930888465340536
47,2.548717425487402
48,.1468235047116987
49,1.226454731107631
50,-2.764472381444283
51,.788083767432617
52,1.38135357191722
53,2.308624983170507
54,.7693684833878477
55,.1749394141797269
56,2.412289316148434
57,.5435468051198403
58,-.7326905033185555
59,.5217239337620481
60,.8337773437165051
61,.843704269309194
62,1.189179707397418
63,1.480742398936274
64,.7758670714628031
65,-.1878585509817756
66,.427758889875729
67,1.687319331559428
68,.7024558878261442
69,-.108660244936119
70,.357940357563435
71,-.4514871248665417
72,.4502722221278512
73,.6265534036982299
74,-.2645193473624795
75,-.2307998241890536
76,1.000475633726174
77,1.410493246271963
78,.6281923057619833
79,.2731263808623399
80,.7996067841576198
81,-.1998189208546754
82,.7902692010415184
83,.5684120315931008
84,-2.470370359213838
85,.73290034013604
86,1.844843486311089
87,-1.911675373497099
88,.3776389841754147
89,1.099620949519814
90,.4494474909810344
91,.8316375074357314
92,-1.028684870661191
93,1.323220921375392
94,-.0073899533978635
95,.7664615144867095
96,.3837776704870883
97,-.5868215079834196
99,.8345366403378757
100,1.422805519829688
101,.0908196634835787
102,-.0097817615636027
103,1.071083474889161
104,1.51363168954446
105,-.2157299763550802
106,1.368913920473624
107,-1.004746529847155
108,1.933822662981602
109,.1454733847184197
110,-1.112964756978307
111,.2940085737396159
112,.8059047859579029
113,-.2868359514486106
114,-.4046894986440745
115,.3300204985236489
116,.9788369946394923
117,1.156738865022197
118,-.212625340667477
119,.0106648734474305
120,.5938528235460728
121,-.1742299374188955
122,-.3087643289953192
123,-.5506558233911071
124,.7276328137436693
125,1.170385893475713
126,.7494369837415453
127,.1065586498414595
128,-.5110181295064751
129,.9509417803320442
130,.6432903605463006
131,2.155527920242988
132,1.512121086240238
133,1.088286723694171
134,.1733272008763335
135,-.5558238930492403
136,.1344044485039344
137,1.187496656108835
138,.4265742821920351
139,2.037499843825742
140,.0447825815739694
141,.7373833441707195
142,1.304165059258397
143,-.7835363820852406
144,-.3800054441820078
145,.3259127029496003
146,-1.200014515966172
147,.2560275469121204
148,-.6420466728342211
149,-.0246160492821189
150,-.6473608904020977
151,-.6636867979122827
152,-.8179452329438612
153,.7397030306271225
154,-.3218149591399694
155,-.2533722312266538
156,-1.251861875585188
157,-.6205261228067636
158,-.0460483449418554
159,.0434362158271795
160,-.5482303088681276
161,-.2732020077537469
162,-1.138211497347514
163,-.4768381904494912
164,-1.344177279169728
165,-.9063169976002466
166,-.1191404719464724
167,.9907068232532403
168,-.8138783329921866
169,-.1243720720413722
170,-.6990036436840436
171,-1.181917396676335
172,-1.194979787138826
173,-.6022509003398016
174,-.4905559369538803
175,.8282538066868153
176,-.3133597832457706
177,-1.707682327426623
178,-.2995075920650205
179,-.6467227225003318
180,.7837642523201024
181,-.6352278880881695
182,-1.072705818167111
183,-1.614757240471003
184,-1.565737495892445
185,-1.465380287364331
186,.1552103485851932
187,-1.448167541320527
188,-1.671077730877496
189,-.2853075650073477
190,.7852539873718426
191,-.6288068391295935
192,.4480825661145105
193,-.9463281489215705
194,-.4195004169428632
195,2.077052307656242
196,.9680674117534122
197,-.4206255390353609
198,-1.320984991125846
199,-.7842215458176993
200,-.8927561787416179
201,.3066300297757735
202,-.2881481608955951
203,1.114770017562434
204,-1.11779280540671
205,-1.868753347213721
206,-1.140271619371866
207,-.8868298903341831
208,-1.254904125815048
209,-.4103601658438812
210,.1626335995651668
211,-1.597847302410091
212,-.3799666735796747
213,-.2465384926643068
214,-1.700844121379266
215,-.7327998051811432
216,-1.623245108846761
217,-.3042544028541943
218,.1283562196485744
219,1.396785929077299
220,-1.637268896747655
221,-.8964400437454928
222,.7384061216191914
223,-.5086111523199568
224,.5221274593032481
225,-1.115896959321967
226,-.7722202781273556
227,-.7841149707932931
228,.8195553525667114
229,.4408181262276765
230,-1.297626210249989
231,-1.285410365169961
232,-.0512852510093191
233,2.185553211783368
234,-1.329571573914811
235,.1772652278850375
236,-.1088223947511983
237,1.303841779623419
238,-.6266679871971906
239,-1.054447270824134
240,1.010830427084746
241,-.6122454379402417
242,-1.183668204404255
243,-.9341940627100933
244,-.023121800699215
245,-.0413684217595631
246,-.6211844977044645
247,-1.146820253312189
248,-.2552952166414286
249,-1.242767780843012
250,-.8902008253685488
251,-1.17108584209942
252,-.6796980334499897
253,-.5500153354977926
254,-1.597581333609022
255,-1.85726828229068
256,-.2827640918491628
257,.3117030508637292
258,.0561535451469773
259,-3.315848760877991
260,1.276614898126666
261,.494870232211584
262,-1.098208467290827
263,-.6431592566644035
264,.7080581871366828
265,-1.528972194850472
266,-1.076715532782349
267,.1531631131838188
268,-.8260848002373083
269,-1.147476695786484
270,-.0697165906368356
271,-.8158675467100382
272,.1569744584465361
273,.7090584352291734
274,-.2769180292640951
275,.4206084822115987
276,.2950047748004507
277,-.8469482936587124
278,-.521130864876755
279,.680756669634687
280,2.273706248153946
281,-1.865985599117612
282,-.5077116456001417
283,-1.757624456501581
284,-1.190878992622195
285,.0905104257645006
286,-.1000959798017749
287,-.5670862212735842
288,-.1462952471287781
289,-1.516584416707268
290,-.524325289932568
291,.3760672810394641
292,2.315431112190827
293,-2.109044173276783
294,-.3082157011095299
295,-1.790230391218714
296,-1.379017750418451
297,-1.447467629572068
298,-.4383453877875286
299,-.5720193759014816
300,.44307862828599
301,-.5822011602617891
302,-.6366994488780869
303,-.8500507088700586
304,-1.227711002311005
305,-.8395869221384519
306,.7582461901283896
307,-5.18252414017754
308,-3.782620338480103
309,-.1493861856216639
310,-1.523942871665971
311,.0891915755334706
312,-.8448815002600621
313,-1.004064382475503
314,-.0352680361679156
315,-.8760557146351805
316,.5035846509942852
317,-.9484645658652907
318,-2.112265217158436
319,-1.490454668761662
320,-1.727386958034608
321,-1.091645165084864
322,-.7643086358489118
323,-1.147665453748619
324,-1.127157727661429
325,-1.241931166375124
326,-.259327245938709
327,-.801669475845754
328,-1.444445095635884
329,.5127692186309766
330,.1984928315590134
331,-1.025104737332578
332,-.0068571398079441
333,.0999728785493713
334,.3312371888955555
335,-.1486035244444497
336,.1703395200066647
337,-1.016193531379219
338,-.6432861330742351
339,-3.48842772929035
340,-.4511836080020145
341,-.9876780495266553
342,-.3150489969681783
343,-2.373836075738562
344,-.5971272448397661
345,.9938291325341877
346,-.5617077182564002
347,-1.294942359384092
348,-1.966725579210298
349,-.8910120354387346
350,1.30555902003981
351,-1.090608812423585
352,-1.422816826393791
353,-.6537021372833683
354,-1.29103709098961
355,-.9454498006709799
356,-.3246369912694275
357,-2.095926707210392
358,.4944868128809606
359,-1.942850548868173
360,-1.195942457448225
361,-.3254874714598129
362,-1.547286793047702
363,-.6585309250478529
364,-.7742340520827189
365,-1.235601161789219
366,-.4866191492380826
367,-1.004976913037767
368,-1.887928147390304
369,-1.792116549822845
370,-2.242241704879813
371,-2.742391906229823
372,.4613798833495191
373,-.8380348429659096
374,-2.37054655343141
375,-1.13809883449172
376,-2.1211772739292
377,-1.880061095303817
378,-1.296828834480634
379,-1.170403736209968
380,-2.656439990425999
381,-1.050792250133925
382,-.5717484036126302
383,.261511528277402
384,-.5559552764541307
385,-2.030027567885598
386,-.9476477292393756
387,-1.018435771903735
388,-.7759468280560248
389,.2851558672476197
390,-1.061377223086068
391,-.5615214346970625
392,-.8520946785416037
393,.4879837029079236
394,-.7896780163748132
395,-1.142060182976833
396,-.8170604629394815
397,-.2119013992244438
398,-.4110269922807971
399,-1.433919559169062
400,-2.325088224094845
401,-1.37181056336453
402,-3.057921498331067
403,-.3463766970454493
404,-1.738837817536919
405,-4.636500824658619
406,-.0561010950087022
407,-.6920105101453132
408,-.2873518784488088
409,.2978297568684999
410,-1.185529483224123
411,.7452856468338144
412,-.6219089397829526
413,-1.020830867663228
414,.616030903075807
415,-3.424897275361712
416,-1.230514853743977
417,-.0058708436455718
418,.9750848074670327
419,-1.322534289260765
420,-2.867250328417135
421,-.8158473963767831
422,-1.032798787698193
423,-1.7557921100585
424,-.1490998300088627
425,-1.149557722326359
426,-.9170980635389125
427,-.492942512017332
428,.1193906924734134
429,-.268135032782561
430,-.8351056817158601
431,-1.026804200392041
432,.639816401002436
433,-1.406048143319034
434,-.852589518088234
435,.1963828423195691
436,-.8428796417556867
437,-.1483187492467782
438,.4491825906039855
439,-2.885172851699854
440,-1.917185357286686
441,-2.270978578855101
442,-1.785849418308645
443,-.928289962944768
444,-.0464536543093143
445,.9306437612803508
446,-1.777050948928095
447,-1.102347331228472
448,-1.008681040428324
449,-1.189349378494514
450,-1.827386208275647
451,-.1382203590525622
452,.3023685699114152
453,-.7501403618931216
454,-1.662756868589566
455,-.005636577716324
456,.0215514282294564
457,-1.706337990042265
458,-2.44753807304025
459,-4.723006904476479
460,-1.613572375169716
461,-2.130454798820606
462,-.3336187632199243
463,-.0666838168940926
464,-.812732633542158
465,-1.278573141121975
466,.4853085330722148
467,-2.331345104067133
468,-.8538111738468874
469,-6.003338084263321
470,-2.065773703023144
471,-.8794631354815341
472,-.0594235040741086
473,-2.266966467922459
474,-2.743618907702044
475,-2.930951077958977
476,-2.899566792959429
477,-.7669017362137405
478,-3.496896163551638
479,-3.368151580861079
480,-.6239866129329449
481,-1.313782297658056
482,-1.090945420109267
483,.2961046818567415
484,-7.640471459709228
485,1.141411546096146
486,-1.92091709024478
487,-4.549288809512369
488,-1.749526282505528
489,-3.108317158591308
490,.5619352697960048
491,-.7559746361588593
492,-1.429915618855007
493,-.8295352007866994
494,-3.725846598807176
495,-4.248443807444612
496,-.3645613170655639
497,-2.114973027701656
498,-2.528778549533061
499,-.9362810781085178
500,1.313762097648373
501,.9363320015108251
503,.2846133297620687
504,-.9238565228617308
505,-3.27942508700654
506,-3.336647015108816
507,.178250388272425
508,-1.525766006893609
509,.9485565971318012
510,.5107030969466956
511,-1.450172389904087
512,.8611806571991639
513,-.8219595344322853
514,.0559656270472116
515,-.58583522463647
516,-.7265279265697462
517,-.9364758802872376
518,.3593155582227045
519,-.6158423000327484
520,-.9121846464379241
521,-.5453359243528195
522,-2.634618597771489
523,-1.193266588702407
524,-.3039092428495612
525,-3.328085003669055
526,-1.374060991641518
527,-2.90997736599053
528,-1.653056851524122
529,-1.105750020463196
530,-.6610032949921036
531,.092627236615747
532,-.9410081669379389
533,-4.768005049228329
534,-.0785713980906492
535,-1.289890490030634
536,-.3597408368492513
537,-.8025738685747342
538,-.3094053513147483
539,-.7256367281954079
540,-2.657930434260639
541,-1.504150274111097
542,-.4855676689189063
543,-.7347316656384264
544,-3.816627916453758
545,-.7362144764385237
546,-2.270935061062611
547,-1.757485188247492
548,-.7241784575730775
549,.4051066438927
550,-1.161488639166917
551,.416649321104091
552,-3.791997578904283
553,-1.086866632653034
554,-.2670500367301216
555,-.0614172884828652
556,-3.256041973921912
557,-1.672996425021414
558,-.5887419614269491
559,-3.189879470449952
560,-2.616113947692627
561,.5151349254008935
562,-.3150057821158457
563,.6695196645791149
564,-.4740475718980962
565,-.5311451304604381
566,-2.756974579081199
567,-.7864727501395422
568,-.4986506112597544
569,-3.642068745529941
570,.153697250314636
571,-2.089382164621598
572,-.32260718204665
573,-.9004033598368325
574,-3.790402345814307
575,-.6363583575308714
576,-1.096596900939605
577,-1.277321988885626
578,-4.382152752013032
579,-1.217304832202288
580,-.389256413100628
581,-.637899446525557
582,-.3765767180909008
583,-3.966047723520009
584,-2.924703327357555
585,-.4976094296381841
586,-1.002606094386663
587,-1.760532522691582
588,-1.773367412645485
589,-.6967543845912411
590,-3.782513208887401
591,-.4699818757351439
592,-.2873512165694369
593,-3.746710045595478
594,-.6648229138185793
595,-4.408377326140265
596,-3.117094548780065
598,-2.659121346653452
599,-6.111079243956842
600,-7.525451491812065
601,-2.592193379999309
602,-4.111672874104729
603,-1.312297198805245
604,-.430583973802092
605,-1.901857837299597
606,-6.830002401885857
607,-.5773446616887884
608,.4157727043439673
609,-3.385054204679258
610,-1.012073600197274
611,-.8730584846920394
612,-.6266271653766341
613,-1.22479038229443
614,-.5587528049684354
615,-.3622136891847439
616,-.6471017259086251
617,-.7402808134895237
618,-.3507910315030349
619,.1534472551615118
620,-4.286809937020433
621,-4.305069327644495
622,-.8951318378244182
623,.4863316215641375
624,-.8694315839147253
625,-1.00939781620897
626,-.9904358099611595
627,-1.218402863030881
628,-.5339969743715202
629,-1.676614476141465
630,-.2516776784528075
631,-2.942108312018809
632,-1.586145975750296
633,-.7387962034214172
634,-.5761151194938805
635,-1.626680547131705
636,-.3645037151149461
637,-.2251997359109379
638,-.9389639294169022
639,.0408901362062714
640,-.9657634217509743
641,-.689252365515268
642,-3.252673270701557
643,-3.439873862068253
644,-.721763420838861
645,-1.99410918481339
646,-.6124917835038779
647,-1.388484394613791
648,-1.858922608802325
649,-1.608306221394365
650,-1.6445927620977
651,.0364360071613057
652,-1.486597373103611
653,-1.875220671844581
654,-1.664752101699284
655,-.5737576174938418
656,-1.000955447917296
657,-.2476987311203236
658,-.6042595478375535
659,-6.745420987120223
660,-1.9769003450345
661,-2.075327018416059
662,.1704771127535481
663,-2.794093930593831
664,-1.497146545962836
665,-1.076227174773049
666,-1.316796386647021
667,-1.653284492833469
668,-3.744544643037588
669,-1.772805175520246
670,-.9910064753772397
671,-1.539862413144012
672,-1.654790123157434
673,-2.02902277574442
674,-1.062335250103674
675,-1.593746387897988
676,-3.184859397684611
677,.1022583431865945
678,-.846726492361117
679,-.6786421379328167
680,-1.264181691973966
681,-3.360204265843576
682,-1.699504712783211
683,-1.121321395694213
684,-2.393359197221683
685,-7.606948792800064
686,-2.136040116327147
687,-1.704975871997564
688,-2.145589270143144
689,-3.916105599832132
690,-.9036459103750876
691,-.0559850396732034
692,-.7204806660124938
693,-1.318595045042848
694,-1.263737074461133
695,-1.035264258961816
696,-.1057957579935945
697,-1.109350633338982
698,-2.361057029108731
699,-1.687127511506339
700,-.9623923803122245
701,-2.730672561936637
702,-.0569197160634166
703,-.5355437262580927
704,-.2398257998126831
705,-2.460705988675496
706,-2.60075455627825
707,-1.857718336970405
708,-1.165954340075712
709,-1.368258878103264
710,-1.47388957420869
711,-1.501418994047317
712,-2.35929026859818
713,-.9400743906112073
714,.2521690877342974
715,-5.817442819647734
716,-4.628471992068256
717,-4.868241308311621
718,.8861868613067116
719,-2.13559031333608
720,-1.795929062676611
721,-1.5254765557929
722,-1.293296058843321
723,.1953414352522875
724,-.1237166549879707
725,-1.619840056666602
726,-2.17781650155137
727,-2.162763878124529
728,-.2703660918347637
729,-1.570139598532456
730,-1.593053006487201
731,-.6506895011079403
732,-.5629012375386904
733,-.8464017967240305
734,-1.27436198091989
735,-1.240574221414666
736,-.8826745981496362
737,-1.090831120831494
738,-1.738458380174251
739,-.6843658269026814
740,-.6624205592377153
741,-2.041882123531527
742,-.6755743844099451
743,-6.320791610657039
744,-.5768330539246096
745,-.5941316124885523
746,-1.245507625984432
747,-.8623073557636702
748,-.8220330071943213
749,-2.838215532412532
750,-4.370306954489148
751,-2.24599920112886
752,-.9727370565559307
753,-4.363545151464758
754,-.9633304686028368
755,-.3671492982732226
756,-.6449897025319299
757,-.5899399823583338
758,-1.819920949145685
759,-2.864881652207904
760,-1.394628994963922
761,-1.149420355558057
762,-6.248943793645491
763,-1.404075311611276
764,-7.692303049146089
765,-2.155001982388773
766,-.5021103679874711
767,-2.787656128769511
768,-1.18254653261813
769,-2.806534383669491
770,-1.601838991972569
771,-1.027237983093962
772,-.5930907663699094
773,-.6807931538636013
774,-3.701740433348809
775,-2.830370573653159
776,-3.852376905993717
777,-1.416587563541083
778,-1.412690455041228
779,-.424010528707963
780,-.6019750347240147
781,-2.285304760998917
782,-1.599208962351579
783,-4.205990314191165
784,-.8076753630741652
785,-1.68737277573432
786,-1.374178477439629
787,-1.065844625260267
788,-1.576892273678
789,-1.167569037710091
790,-2.010590873165282
791,-1.673007701813286
792,-.0968145764242871
793,-1.806700172507884
794,-4.823408828111802
795,-1.719313788314585
796,-.9463224525230282
797,.4525927703419646
798,-1.495432880109661
799,-1.562130214688817
800,-2.853223233147995
801,-3.560385412939977
802,-3.074546034756938
803,-.4059959651409626
804,.4668246067071119
805,-3.41816633219497
806,.1320734310860482
807,-.6480571914010854
808,-.89387750430816
809,-1.426210205068495
810,-.0611079119681247
811,-.1138816244001588
812,-.7151378572626427
813,-.7314273775760549
814,-1.28667048024109
815,-.9647210168867583
816,-3.302933898910601
817,-.2638418142256659
818,-1.418454660950943
819,-1.804672216106368
820,-.930829720048442
821,.2242685665419821
822,-2.343528381410223
823,-2.846072633480692
824,-4.083203456923377
825,-1.042689583038739
826,-1.43809795905284
827,-.8018934629724754
828,-1.15793262596696
829,-2.270964991649324
830,-.4385440950321681
831,-.0521184301853461
832,-1.22981829834966
833,-.6098018890458503
834,-1.83086290807749
835,-2.61112812785797
836,-.9530609964864956
837,-3.641313955623183
838,-3.564476125167636
839,-1.421702228935579
840,-4.215789499844557
841,-1.343191138976165
842,-2.153543478862934
843,-.7205129744325636
844,-2.298439646798818
845,-2.096732323774144
846,-3.000051860656499
847,-1.153523653655278
848,-.5212561077111131
849,-1.589651487585634
850,-1.496932955224804
851,-.7134651801979773
852,-1.050343506247113
853,-.481451047564717
854,-2.179361692625106
855,-3.300193691624236
857,-.7621897744831911
858,.2998101984014745
859,-1.345490988141022
860,-4.571183328982366
861,-.7911983411953571
862,-.800975285901481
863,-1.016313300430958
864,-.747684687844018
865,-1.468771791045159
866,-3.458799575224194
867,-1.23056842505313
868,-1.468014705360438
869,-1.024097749011972
870,-3.042167962803449
871,-1.140725355677576
872,-.5936692275143448
873,-1.586443381584387
874,-.6901538420089676
875,-.6556305107015169
876,-.6292771715623969
877,-1.576759843641275
878,-1.910412901243183
879,-2.014469900811649
880,-2.384719387296254
881,-1.977595510919345
882,-1.562375075619826
883,-1.38616801767779
884,-.3569287294520507
885,-.3854179825313233
886,-1.599249528021802
887,-1.470803689709641
888,-2.158426365142893
889,-1.294535404461866
890,-.7618701209779928
891,-1.070946165846033
892,-2.797485641806103
893,-2.664404154613073
894,-1.132711681740509
895,-.8579121371351054
896,-.7046544553567954
897,-.5625763743217279
898,-4.718624471329554
899,-1.097895396917903
900,-2.0582993314748
901,-.6368263496425024
902,.1727478313908768
903,-.5705676246772434
904,-1.65494077750361
905,-.6709517959451112
906,-1.738961238439917
907,-1.549324663060169
908,-1.617897587302574
909,-4.434500836929662
910,-.7409926612027491
911,-1.460794858113597
912,-.2694198567004007
913,-1.486114301428939
914,-.929191666435048
915,-1.51417462380569
916,-.8034172084428547
917,-1.27765733469245
918,-1.622206458085251
919,-2.252753859175271
920,-.0514818382343087
921,-1.476801998738168
922,-.7596370994187612
923,.1077130412839994
924,-.8949421522281584
925,-1.659720036704856
926,-1.54114841108643
927,-.8684519857965155
928,-2.096890900746986
929,-2.396396009209588
930,.0231054186535695
931,-2.147013881998798
932,-1.525924813569471
933,-1.48948546447747
934,-1.226277868051822
935,-1.238973803000018
936,-1.506264683478174
937,-1.492389075602391
938,.7649144105653223
939,.2487501778369435
940,-2.14889245043568
941,-.761855237993769
942,-.7736156593858131
943,-1.16827620669032
944,-1.547518190554404
945,-.3705856989583419
946,-2.302702468917404
947,-.9161976825010639
948,-.5986411616139915
949,-1.703590908064645
950,-3.726502544422737
951,-.9716140800571729
952,.2100006646691783
953,-.620049666545201
954,-5.768540559340313
955,.1185138506532456
956,-1.382256770179447
957,-1.480502105831053
958,-1.711286517888895
959,-.9891429907587955
960,-1.295354404418427
961,-.6519671362391196
962,.1694284073313837
963,-1.123151262096476
964,-.8901313312347381
965,-.890396061280477
967,-1.854230981896851
968,-1.86210405613503
969,-1.816234179891507
970,-1.424731633846195
971,-1.486335996555717
972,-1.585680630527551
973,-5.466840803904745
974,-4.247880847569499
975,-1.08112336954911
976,-.3498143475056876
977,-1.838614753699369
978,-1.261836615256634
979,-.6627547506972538
980,-1.383602381567435
981,-2.66510506799999
982,-.8853840929055709
983,-.5231167456584112
984,-1.650039448013061
985,-5.143391749068621
986,-1.228410472016946
987,.0770056096012882
988,-.3105835302456619
989,.7756049483290447
990,-1.279474226645529
991,-2.365363163054398
992,-.0836902879954281
993,.788102133557002
994,-2.478543696448888
995,-.3167627203636894
996,.215228236819183
997,-1.319982979329149
998,-2.074583973144638
999,-1.140216613830376
1000,-1.269590182319273
1001,-.818112598804093
1002,.4074649863093625
1003,-2.884449615460832
1004,.6518223022241019
1005,-3.300419069224918
1006,-1.851175331314058
1007,-1.248702490634447
1008,-1.332700012204826
1009,-1.100479106973946
1010,-2.348355425597491
1011,.6012705650280891
1012,-.7478370647194651
1013,-.7319499673635338
1014,-1.193956962893941
1015,-1.887411030215874
1016,-4.113376579851751
1017,-.6974473638796298
1018,-1.296217024350939
1019,-1.454474635930533
1020,-2.201514941211031
1021,-.5266250434158142
1022,-1.352994819441272
1023,-.97477074056433
1024,-.3683088667853889
1025,-.2365877557193689
1026,-2.370239498798695
1027,-.6615665370475261
1028,-.1559978580477371
1029,-1.582584084029984
1030,-.5540978098132912
1031,-1.298567950180867
1032,-1.776256546410626
1033,-.2541874379482017
1034,-1.167477967360492
1035,-.6652557597659353
1036,-6.696724302626037
1037,-1.074560390053604
1038,-.1653245952563419
1039,-.7699429510157162
1040,-1.031567690233179
1041,-2.048130208121806
1042,-.7301464399428783
1043,-.2047787492775333
1044,-.1748673713670564
1045,.0152456492673943
1046,-.6212939142725137
1047,-.966438632656233
1048,-3.377876574775563
1049,-.0324744126372342
1050,-1.534613953905117
1051,-.9866884497111659
1052,-4.421100943340903
1053,-.2721893760810387
1054,-4.135675074159606
1055,-.705069035610467
1056,-.5268718277419588
1057,-.3210064035659262
1058,-1.50292578871758
1059,-.1389005891317686
1060,-.2859720803991308
1061,1.3140501857342
1062,-1.101285729153328
1063,-1.160820481938953
1064,-.0772759644776397
1065,-2.395956356276584
1066,-1.517625299312407
1067,-.0032846361610013
1068,-1.371123095302787
1069,-.3952636127965074
1070,-1.574073297603434
1071,-3.147328448097254
1072,-.8577023059889496
1073,-.4971016860522604
1074,-1.356160496198987
1075,-6.835216477130702
1076,-2.408487806751613
1077,-2.725325435963078
1078,-1.963757345599841
1079,-.152748640049056
1081,-3.891579567815223
1082,.5278659852998265
1083,-.4264034435356784
1084,.8736211899589201
1085,-3.521121339438292
1086,-2.314892680117988
1087,-2.798690512491556
1088,-2.675211265291272
1089,-2.535954675155288
1090,-2.734188822854991
1091,-1.076586963840125
1092,-5.007577210012965
1093,-5.424998397750613
1094,-.2467950191143457
1095,-3.5346106910499
1096,-2.045439057646853
1097,-.1199504606871424
1098,-1.207624893131018
1099,-2.563014425252639
1100,.9344355491858762
1101,-1.877188894581355
1102,-1.878093635471252
1103,.0052599583690864
1104,-2.223588006700595
1105,-2.692001017561236
1106,-2.278542058916277
1107,-1.631610805774496
1108,-2.407877312201483
1109,-1.050711273355635
1110,-.6251863299324073
1111,-.2280610884162262
1112,-2.007130690426813
1113,-.4110346359744795
1114,-2.993577355668183
1115,.0567435236929806
1116,-1.698416195713724
1117,-1.06901382417028
1118,-1.64996156450254
1119,-.6389672219553681
1120,-1.167223522489202
1121,-1.196363815131787
1122,.2247749344851711
1123,.2487593006858412
1124,.0517085312430612
1125,-.6498260654592454
1126,-.3485586867134991
1127,-4.335451335088067
1128,-1.692147563152595
1129,-1.587624065326306
1130,.1374652106153088
1131,-1.800732341507359
1132,-3.166862132806309
1133,.2052662122810057
1134,-4.074525184717044
1135,.1879680755715106
1136,-.2680431703328813
1137,-1.448138485363909
1138,-1.327111563293004
1139,.8820383388491598
1140,-.6343382165267638
1141,.9236014674254611
1142,-1.953424618146382
1143,-1.384854299917044
1144,-.7735382161046761
1145,2.462394915478887
1146,-6.824671665575085
1147,-.1805146911909319
1148,-1.390687761117255
1149,-1.607990647150131
1150,-1.414334248283567
1151,-.7468360466583591
1152,-4.87947643007143
1153,-.5118738881271346
1154,-.651833221465539
1155,-1.363716413870048
1156,-.4780823132914941
1157,-3.740005791649076
1158,-.6059232384231042
1159,-5.767572984669209
1160,.0163391758081693
1161,.1378587295649518
1162,-3.072996405708024
1163,-.575911780682325
1164,-.8329168389339039
1165,-1.565287863055466
1166,-.4007600123423972
1167,-.6448651239427531
1168,-1.128816419940289
1169,-4.161782273706751
1170,-.1176491039894739
1171,-.8950128601051616
1172,.1257389020428617
1173,-1.849786956076431
1174,-1.634643460017863
1175,-.4894049745152474
1176,-.44450017473269
1177,-1.963348237906254
1178,-5.666656318577655
1179,-1.94268258208697
1180,-1.432747728249238
1181,-2.604372693258602
1182,-.7229583439732599
1183,-1.727832623917948
1184,-5.404687638631997
1185,-2.975086659296474
1186,-.3398372925328046
1187,.6188103788074376
1188,-2.173044244594925
1189,-3.353154586030009
1190,-.4797215399562141
1191,-2.698093746951207
1192,-1.121328708999828
1193,-.4810087604388262
1194,-3.016393856588612
1195,-.0101513427336934
1196,-1.424715548102967
1197,-1.424012398536927
1198,-1.635012109014468
1199,-.1836589044589819
1200,-.6831396859833903
1201,-2.400779254739442
1202,-6.837648540505636
1203,-.4187413421005303
1204,-.719077178157762
1205,-1.773712513121758
1206,-1.291889546297138
1207,-.5416570562386057
1208,-.9949452772763518
1209,-1.189621196474205
1210,-.8621109445003093
1211,-1.96507781063653
1212,-1.849507854855087
1213,-1.399414012292696
1214,-.2776196983060569
1215,1.30943108713907
1216,-2.355932590636984
1217,-1.186294846532074
1218,-1.792632413189749
1219,1.624348763743251
1220,-2.047549135241192
1221,-.7032605468986354
1222,-6.704351185084162
1223,-.422168642400793
1224,-.8704542541989152
1225,-.6858329014386733
1226,.2650185355666701
1227,-.9656451413335834
1228,-.3985932881053489
1229,-1.873176503092481
1230,-1.102874177525678
1231,-.8628186411404606
1232,-1.865418130497604
1233,-2.196203984545276
1234,-1.057865997682794
1235,-3.473383619387525
1236,-3.529519064921915
1237,-1.565011893781751
1238,-5.173205872153867
1239,-1.806200198449557
1240,-3.501656294522756
1241,-3.258996583753267
1242,-3.643285532150839
1243,-4.496203389741458
1244,-4.423513399452418
1245,-3.517407895333239
1246,-3.871121184660567
1247,-2.810378585341551
1248,-2.963320023097215
1249,-.563996467510438
1250,.7934892781277381
1251,-6.95736298225657
1252,-.0173675088064074
1253,1.773956684744735
1254,-2.927009668743648
1255,-3.041920062626504
1256,.1534533417207137
1257,-.9226681935209261
1258,-.8829641522068984
1259,.9200254490544545
1260,-.4794577037179242
1261,-.984230257092126
1262,-1.110176238656558
1263,-2.926360176692593
1264,-3.636432258604329
1265,-2.573584657836179
1266,-.5088640656471525
1267,-.1586199239927578
1268,-.4478021623948226
1269,-6.021735448173561
1270,-5.031591308577894
1271,-2.876618602311773
1272,.3289863364103323
1273,-2.653676622924998
1274,-.8005528709928166
1275,.4263434525963198
1276,-3.459912033753555
1277,-1.008804345006422
1278,-1.14141914465215
1279,.0211764975651517
1280,-2.636935350958832
1281,-1.298494074163454
1282,-1.327041147083528
1283,-1.731094970879696
1285,.4718058505154601
1286,-2.758324985462673
1287,-7.404552561044518
1288,-1.269816954215385
1289,-.0219881055290443
1290,-2.070635265495711
1291,-.9516754747844465
1292,-1.668034491962581
1293,-1.447533196846695
1294,-.5675967886502987
1295,-4.974695211325495
1296,-.5060938522303278
1297,-5.020683908541766
1298,.8791623002642237
1299,-5.976668472360161
1300,.0909685703196932
1301,-1.42345511669895
1302,-1.66063193644209
1303,-1.320480112899744
1304,-3.346468769926561
1306,-.828523425212446
1307,-.9169565742395165
1308,-1.868495952968157
1309,-1.71455010383661
1310,-6.769883759500198
1311,.4225629017593069
1312,-6.456271095575365
1313,-.2011400788904397
1314,-1.446058609960977
1315,-.4739381316841163
1316,-.7489505893346441
1317,-.8706001039947516
1318,-2.935302730934062
1319,-1.539315857174963
1320,.2838506795171817
1321,-1.120373989697526
1322,-.4773403675604462
1323,-1.560615889734679
1324,-.8258890691248931
1325,-1.510444017063393
1326,-.8087939363077766
1327,-7.285756980083603
1328,-.8690264522108321
1329,-.7480362771401394
1330,.8976271643968725
1331,-5.518871826183219
1332,-.5454530173151425
1333,-1.540577126656744
1335,-.7771216679232412
1336,-.0039303229665941
1337,-1.946806319028527
1338,-1.828598132899517
1339,-5.205554946561006
1340,-.7425798478267576
1341,.1789191217860059
1342,-.1470423721169757
1343,-.6644602761400977
1344,-.9544012253232308
1345,-1.497124746338474
1346,-.0637108941526545
1347,-1.474116581680023
1348,-1.415152837869536
1349,-1.341120677888915
1350,-1.364114227773158
1351,-.7867378377895451
1352,-1.518604926896132
1353,-.2092918182339753
1354,-.7044370578134388
1355,-1.975440729143798
1356,-1.914536363205596
1357,-.4510468573573272
1358,-.6379471586429677
1359,-.7117195544558268
1360,-1.847196511136832
1361,-.7539091441740429
1362,-.9963973457258045
1363,-.2443102891558983
1364,-5.268589796184811
1365,-.4537922703583285
1366,-.9153673604815703
1367,-1.139866734304836
1368,-.0578696224475904
1369,-.3084400130440211
1370,-.0252861314990678
1371,-.3668958157074746
1372,-.7305557779931844
1373,-1.268108751807643
1374,-.8833667844611619
1375,-1.244931412839691
1376,-5.105455504930505
1377,-4.565587440441369
1378,-1.539694913438825
1379,.2963424696813036
1380,-.4614129441979026
1381,-6.3762106356475
1382,.1141992714132149
1384,-6.082848496089081
1385,-.5731369014230019
1386,-.8353603269230364
1387,-.7520607932388506
1388,-.9329810582700355
1389,.6046847610713784
1390,-.8830378625737368
1391,-.935136958811149
1392,-1.260774835784218
1393,-.9149821433175913
1394,-.3880149539866407
1395,-1.290128376746961
1396,-4.894489943148537
1397,.3503981015880107
1398,-.7874582032664381
1399,-.9544839321763285
1400,-1.28013113403494
1401,-3.318344650916274
1402,-2.528286357290872
1403,-1.192603190045054
1404,.6811340235720771
1405,-1.395717970793791
1406,-1.007903002201925
1407,-1.248380493958496
1408,-.9653538564228679
1409,.7732112086487576
1410,-1.087936731419883
1411,-2.286002959949625
1412,-.4541716460236463
1413,-.8940900726011215
1414,-5.231408682704521
1415,.0587030090977266
1416,-2.539007980569448
1417,-2.02730139050957
1418,-.4443121558614233
1419,-.6370558216199862
1420,-3.578159223036316
1421,-2.280769591911515
1422,-1.355368614499244
1423,.0265602838208864
1424,-1.118816591718575
1425,-1.493097525153954
1426,-2.048247285210278
1427,-.9004576366891368
1428,-.8302098200302778
1429,-1.880726021786264
1430,-1.063113464831494
1431,-.1119385927041041
1432,-2.081674652096374
1433,-.6419875022183766
1434,-.5227671561554212
1435,-.5271235597040459
1436,.4685651431370125
1437,-1.144314644099432
1438,-1.20995299796831
1439,-1.781446838223205
1440,-1.372941582609395
1441,-1.342779408191658
1442,-.8062426621677025
1443,-.7835550857989712
1444,-.2846463288669441
1445,-2.857235082530655
1446,-1.260297606620274
1447,-.4607228789938556
1448,-1.061705144236144
1449,-.8373956539567872
1450,-1.2277794479339
1451,-1.02191773954751
1452,-.826980496337516
1453,-1.008660374227683
1454,.8076730966126986
1455,-.9585727773523338
1456,-1.718495488521289
1457,-.2113673801510877
1458,-1.377538236847971
1459,-1.541307469051261
1460,-1.429560066521215
1461,-1.515344407319036
1462,-1.063865585930189
1463,.1574424025361967
1464,-.8475131441727011
1465,-1.029757242227364
1466,-.3460547606386761
1467,-1.302678329623703
1468,-.4621352698436282
1469,-.8604871551118262
1470,-1.132832101068941
1471,-.5856440743325827
1472,-1.205038214654639
1473,-.1526345974865801
1474,-.0919476007039517
1475,-.5931526594268057
1476,-1.354532530161402
1477,-1.319270334174506
1478,-1.422790470103716
1479,-1.726888493987493
1480,-.9555433996061301
1481,-.9884956240405931
1482,-1.396133392429663
1483,-1.189184813255408
1484,.6803322494607058
1485,-1.83159605176787
1486,-1.818111024920892
1487,-1.173558328934028
1488,-.7731205380095275
1489,-.8438544040834718
1490,-.7319628843028017
1491,-2.741462930911896
1492,.0443418304110775
1493,-.5125243590971038
1494,-1.081309054452489
1495,1.550732902357547
1496,-.4126761068692928
1497,.8218925424817856
1498,.9826741887548921
1499,-1.196810305163684
1500,.3705030933099693
1501,-1.036207013602697
1502,-.9589333277066363
1503,-4.188701532391003
1504,-.5863303279295763
1505,.749033555952064
1506,.4342175708253703
1507,-1.424785156161118
1508,-1.352458682551479
1509,.3345761464729793
1510,-1.444704469199379
1511,-.9004476133193818
1512,-3.18831234589391
1513,-.4796951704975769
1514,-.1196517614665095
1515,.1372738075598003
1516,-.5547915484986085
1517,-.5991291231538173
1518,-.187627598139607
1519,-.7874670991547325
1520,-.0449320116738896
1521,-2.811584424699828
1522,1.373166250838197
1523,.3600876940027474
1524,-.0398621848112927
1525,-.4871142919713031
1526,-.6091209703959212
1527,-.3946230897928347
1528,.1032447026983928
1529,-.8299377329160945
1530,-.4944895574806304
1531,-.6831676821487506
1532,-1.201845944521684
1533,.3413933779263817
1534,.2220825529457639
1535,-.2861717251676396
1536,-.8138298665394836
1537,-.6768813628274654
1538,-3.346689402421253
1539,-.6496623240874589
1540,.1164525140872542
1541,1.235539069071203
1542,-.0357518376813951
1543,.0447882944450154
1544,1.605786621611497
1545,-.4141453238392826
1546,-.4793999770138174
1547,.7322047843179583
1548,-.5946939057173533
1549,-.4220420906995738
1550,-.8959892204427358
1551,.6643900360696299
1552,1.193789492338086
1553,.0269389140361469
1554,.3262643171196779
1555,-5.243327797916066
1556,-.569856687385731
1557,.0212986864687598
1558,-.6526465814909245
1559,-.450527318912156
1560,-.4577222616680379
1561,-.1606750433595761
1562,-4.656516576593612
1563,.9531655729963446
1564,-1.094511513115485
1565,.8439596951396076
1566,-.8499969400900702
1567,-.6654295090556169
1568,.3000699466931735
1569,-1.187468269502679
1570,-.9533023252447403
1571,-.6412822084182842
1572,-2.210619248065437
1573,-3.330696995927296
1574,-.2841786173526196
1575,-1.181630713581249
1576,-.1101051678901086
1577,-1.994571460165794
1578,-.7387456776205047
1579,-1.27136628272745
1580,-.0943586041626771
1581,-3.082141211430526
1582,-.6625367439717841
1583,-1.113256085658747
1584,.4053477876100535
1585,-.896121856405222
1586,-1.824395081231051
1587,-.3735837262360606
1588,-2.287295658913921
1589,-.4376296452021406
1590,-.7419717172786252
1591,-.2874351634923766
1592,-5.777846230256013
1593,-1.028531099573683
1594,-.2132418750573742
1595,-1.319856422199706
1596,-.0597257975189093
1597,-7.227949985990492
1598,-1.084798906015296
1600,-.3003926995108021
1601,-1.299156855443334
1602,.3269220495853778
1603,-1.367002993050221
1604,-.4769554899415285
1605,-1.083590865168574
1606,-1.873327088247733
1607,-.2914477426987105
1608,-1.725242867587353
1609,-.7241153893595044
1610,-.5771418189465758
1611,1.731136432508989
1612,-2.921888804455794
1613,-.86978380183786
1614,.0515110456354763
1615,-.636120253326697
1616,-.4779699466553962
1617,-.5002032329361201
1618,-2.435537054473172
1619,-.0118732710342396
1620,-.3405086189833386
1621,-.7348335359548124
1622,-.8362998709489848
1623,-.3683947424870279
1624,-.5150596864109173
1625,-1.24737309334301
1626,.0870197988397035
1627,-.2510663630301673
1628,-5.444005909980381
1629,-.9904834629541863
1630,-1.871587269152825
1631,-.8861149581785513
1632,-.0517032414242034
1633,1.903315654418606
1634,.0524482270679799
1635,-.912876945995522
1636,.2652548622797166
1637,-1.248404013310544
1638,-.0867643124885176
1639,.4462998353935001
1640,.0090782612015004
1641,-.6065387161764489
1642,-.5283134591191567
1643,-.4146285199936068
1644,.4055948065123339
1645,.6471474511453925
1646,.4963253805647869
1647,-.4064676004258121
1648,-.4239503361524994
1649,-.2008272787793974
1650,.1768608570352742
1651,-.1050707553147247
1652,.2466474213276098
1653,-1.000179938014612
1654,.2693462194692268
1655,-.1243916433762271
1656,.091855759709332
1657,-.4086516396840025
1658,-.4684271987364224
1659,.70838917127553
1660,-.7580268069935364
1661,-.8175243981205188
1662,-.2234876471296385
1663,.6696369554608881
1664,-.117708862723845
1665,-.3193432428479245
1666,-.2446983713847453
1667,1.126806832614025
1668,.1916741480013023
1669,-.2511418478361149
1670,-.0548329781910385
1671,.2299579020436381
1672,.4545816039407324
1673,-1.337377660308787
1674,.0629775441055921
1675,.3595629225727914
1676,-.2528477836926263
1677,.6155946188791026
1678,-.0743753833404214
1679,1.148346491494936
1680,.3821110342051887
1681,-.1007917489008724
1682,.9252860403211578
1683,.9137714546338285
1684,.5747586657552337
1685,-.6664343483786801
1686,-.7749255807041111
1687,1.374279827258086
1688,.4476690578717713
1689,-.2593174453773234
1690,-1.311901481624986
1691,.1890043497255731
1692,-.360932809914295
1693,.2344007799601315
1694,.7867360906455759
1695,.0010340247761109
1696,-.2460662416698706
1697,.5529828354352181
1698,.1716258954572612
1699,1.090923553706892
1700,-.2469752228000341
1701,-1.047693910815608
1702,-1.128834429024399
1703,.7872197768869003
1704,-.8019484765643997
1705,-1.196336956987567
1706,.9465348276339013
1707,-.3334685266295865
1708,1.024843118982302
1709,-.5926941145485397
1710,.2809549667234301
1711,-.1327524071994049
1712,1.143907745339058
1713,-.1227244241276197
1714,.3867336005140395
1715,-.2975793126073072
1716,.2535349005213913
1717,1.002413653010711
1718,.0300538742476734
1719,-.0317975548252067
1720,.9543447076314023
1721,.6155959360761019
1722,.5905204110935672
1723,-.1310800769013532
1724,-.4913663812084542
1725,.7847395606803553
1726,1.273486517357104
1727,1.086373937041038
1728,-.2812158069391786
1729,-.4832475302872913
1730,.1677089326051908
1731,1.652252806138213
1732,2.136919663235358
1733,-.100142149807936
1734,.0173462370682688
1735,.597036804390939
1736,-.6662369709663059
1737,1.091395363785196
1738,.824789056498709
1739,1.135000389041355
1740,1.580743281664802
1741,-.3426244941781302
1742,1.237899197005007
1743,.6471066145506574
1744,.5048603176108071
1745,.3833286770451352
1746,-.1364958717635359
1747,-.1508442838206665
1748,.5580533400336928
1749,.3385394284892573
1750,.8929504969383876
1751,.9230832886530882
1752,.0231358091820252
1753,1.238906918800048
1754,1.093215219679438
1755,.0038381732142244
1756,.5723835619236959
1757,.4044291784421072
1758,.6426066683660034
1759,1.125492422718955
1760,.1448128445844914
1761,1.33144950351568
1762,.841335084729801
1763,1.07878018119024
1764,1.1627508726901
1765,.1269336326583759
1766,.542132733642996
1767,.3438370935622813
1768,.5225016596728175
1769,.5551243299498728
1770,-.1297629165193075
1771,1.301374583068688
1772,.2454556613241468
1773,.5279550706407695
1774,.5026786944650455
1775,.908521522010533
1776,1.372815626757565
1777,.164256330237902
1778,.2719223183814524
1779,.6656357198234785
1780,-.0794733817411671
1781,.2227622426362127
1782,.6622962228651568
1783,-.4536045233155911
1784,.9032120368477542
1785,.1447935441644545
1786,.6512074450107771
1787,.3111521557491048
1788,.7396664014759924
1789,-1.746037855686065
1790,.4460372698947047
1791,1.161546550761535
1792,1.622777233331542
1793,1.1699382319892
1794,1.240490177226668
1795,.9982846874357859
1796,.6450801551714724
1797,1.693958362420875
1798,1.195024499220864
1799,1.660224238726783
1800,1.127819029874589
1801,1.311362543744241
1802,.6632506163359417
1803,1.725319441512008
1804,.6527561420105925
1805,1.613230816935557
1806,.0055224886872078
1807,.843764484018824
1808,.6721547084864981
1809,.5076964379298043
1810,-.1460768302074281
1811,-.1602570475968351
1812,.5982083315287745
1813,1.114032228354484
1814,.8339652108230999
1815,1.159411491087023
1816,.6402616249668061
1817,1.287489521254192
1818,-1.061172160295239
1820,1.195385313620683
1821,.3600880796597248
1822,1.437045421845804
1823,.6192893502509023
1824,-.2826908871099101
1825,1.534013412915848
1826,1.230359615887386
1827,-.1898780610903709
1828,.6031538272284986
1829,-.5931984196096101
1830,.5868776391500012
1831,1.095750389519739
1832,1.105883265128296
1833,-1.568866023973465
1834,.3112968341630819
1835,.5809861834800569
1836,-.845119427726947
1837,.4516276733537909
1838,1.029721365746107
1839,.3608616001773478
1840,.3954278457245441
1841,1.358203450881714
1842,.6705083392314812
1843,-.0022848890199718
1844,.5512578453327378
1845,1.565671406537231
1846,1.153471827182507
1847,-.5112284170577186
1848,.4740779388284858
1849,1.37550983605333
1850,-.0175285738606149
1851,1.994608537889795
1852,.2267909515532669
1853,.3295171341949336
1854,1.092518073488052
1855,1.199072116200764
1856,1.40387437293286
1857,1.889371634989651
1858,-.3621822843576331
1859,.4991257282051392
1860,1.408991474579009
1861,2.591313307518578
1862,1.243353546640952
1863,1.871086103812621
1864,-.3192363432769248
1865,-.0497954971161621
1866,.6047392935650017
1867,1.072938433490228
1868,2.382502877703088
1869,.1993207014608916
1870,.6681316296203728
1871,.7429850863671833
1872,.0553532245570676
1873,-.9212993490524676
1874,.2220437498672835
1875,-.5323217100807273
1876,.9380007682346442
1877,-.1813536155425128
1878,-.1709603759858713
1879,-1.130953929669692
1880,.3892564545709518
1881,.4498868396555425
1882,1.318719484253099
1884,1.539798723314664
1885,1.708741323180989
1886,1.032655869420976
1887,1.694581713919824
1889,.6892389810716245
1890,1.300694464919422
1892,1.341954786292567
1893,1.69339077757943
1894,2.053043130937775
1895,.5397836638231854
1896,1.124539199321004
1897,.7329257177749816
1898,1.560257303925219
1900,1.547633941798436
1901,2.295985273097279
1902,1.394967267683835
