destination,_beta_slope_OLS_low,_beta_slope_OLS_high,DFE_OLS_low,DFE_OLS_high
35,-5.0041866,-1.5719738,-3.0331492,-1.7056417
45,-5.0041866,-1.5719738,-7.4135594,-1.2409451
56,-5.0041866,-1.5719738,-2.4555309,-.96266264
58,-5.0041866,-1.5719738,-4.4422121,-.55877638
60,-5.0041866,-1.5719738,1.5267882,-1.3956494
63,-5.0041866,-1.5719738,1.4114217,-.23664327
64,-5.0041866,-1.5719738,-.46979922,-.84808552
68,-5.0041866,-1.5719738,.27451003,-.49904406
69,-5.0041866,-1.5719738,-11.516019,3.435266
70,-5.0041866,-1.5719738,-11.754292,.43833825
71,-5.0041866,-1.5719738,3.7612627,.74676937
72,-5.0041866,-1.5719738,-11.527218,-2.1242096
74,-5.0041866,-1.5719738,-4.4509649,.78373957
75,-5.0041866,-1.5719738,-11.449104,.13590173
76,-5.0041866,-1.5719738,-2.5850928,.058154229
77,-5.0041866,-1.5719738,-7.5261941,1.652622
78,-5.0041866,-1.5719738,-3.2367511,-1.2907689
80,-5.0041866,-1.5719738,-6.1919584,2.1732514
81,-5.0041866,-1.5719738,-7.2824512,2.3465726
82,-5.0041866,-1.5719738,-4.7257719,2.1285481
83,-5.0041866,-1.5719738,-9.1595964,1.1498492
84,-5.0041866,-1.5719738,-8.8218069,.41514826
85,-5.0041866,-1.5719738,-9.5641994,-.79730272
86,-5.0041866,-1.5719738,-13.572428,-.52116776
87,-5.0041866,-1.5719738,-5.2022982,-.22515595
88,-5.0041866,-1.5719738,-8.591548,1.0924252
89,-5.0041866,-1.5719738,-8.1624365,2.3170841
91,-5.0041866,-1.5719738,-3.0316548,-.070170619
92,-5.0041866,-1.5719738,-6.1194172,2.8882027
93,-5.0041866,-1.5719738,-5.8604641,-.47394747
94,-5.0041866,-1.5719738,-3.4738533,.32051259
95,-5.0041866,-1.5719738,-5.227726,.45723826
96,-5.0041866,-1.5719738,-7.2233768,.085790463
97,-5.0041866,-1.5719738,-8.5392761,-.44025874
98,-5.0041866,-1.5719738,-7.4531341,1.8705866
99,-5.0041866,-1.5719738,-11.540657,1.5039537
100,-5.0041866,-1.5719738,-2.3411491,1.9218429
101,-5.0041866,-1.5719738,-4.6307311,1.7125775
102,-5.0041866,-1.5719738,1.982429,-1.6281983
103,-5.0041866,-1.5719738,-7.3846846,-1.7882825
104,-5.0041866,-1.5719738,-3.2827287,.76389945
105,-5.0041866,-1.5719738,-6.9549723,.12087376
106,-5.0041866,-1.5719738,-9.1646023,.22779723
107,-5.0041866,-1.5719738,-5.0755005,2.2655256
108,-5.0041866,-1.5719738,-1.567889,1.8493527
109,-5.0041866,-1.5719738,-11.644269,.99279362
110,-5.0041866,-1.5719738,-5.308136,1.6111807
111,-5.0041866,-1.5719738,-7.2079148,1.9272916
112,-5.0041866,-1.5719738,-8.2221489,1.1073499
113,-5.0041866,-1.5719738,-6.7456737,-.7724846
114,-5.0041866,-1.5719738,-3.7414205,2.6274848
115,-5.0041866,-1.5719738,-4.283865,-1.0288497
116,-5.0041866,-1.5719738,-4.4475894,1.9359871
117,-5.0041866,-1.5719738,-6.0772681,-1.2727998
118,-5.0041866,-1.5719738,-7.9238272,-.12523343
119,-5.0041866,-1.5719738,-1.5732557,.99876636
122,-5.0041866,-1.5719738,-12.742698,1.1006902
123,-5.0041866,-1.5719738,-4.9163694,1.530744
124,-5.0041866,-1.5719738,-4.403955,1.8236598
125,-5.0041866,-1.5719738,-9.5094414,2.1985466
126,-5.0041866,-1.5719738,-4.6501651,1.8603721
127,-5.0041866,-1.5719738,-3.2649772,.88552737
128,-5.0041866,-1.5719738,-3.5852244,-.34426823
129,-5.0041866,-1.5719738,-9.4500399,-2.0446272
130,-5.0041866,-1.5719738,-4.4231033,.91589582
131,-5.0041866,-1.5719738,-3.1501365,1.6697208
133,-5.0041866,-1.5719738,-.36760461,.88376552
134,-5.0041866,-1.5719738,-9.462328,-1.2281573
135,-5.0041866,-1.5719738,-.6911341,.82250935
136,-5.0041866,-1.5719738,-10.005399,-.7381292
137,-5.0041866,-1.5719738,-6.0367823,2.4706473
138,-5.0041866,-1.5719738,-5.6909122,.93470126
139,-5.0041866,-1.5719738,-.39488474,.11109363
140,-5.0041866,-1.5719738,-3.7373962,-.54944497
141,-5.0041866,-1.5719738,-9.4279375,.98956233
143,-5.0041866,-1.5719738,-11.134761,-3.0889795
144,-5.0041866,-1.5719738,-12.074656,-.45693555
145,-5.0041866,-1.5719738,4.5463428,.183585
146,-5.0041866,-1.5719738,-3.052779,.066363446
147,-5.0041866,-1.5719738,-3.7123656,-.85673106
148,-5.0041866,-1.5719738,4.4000912,-.8755604
149,-5.0041866,-1.5719738,-2.7712328,-1.2101325
150,-5.0041866,-1.5719738,-.39163917,.81743842
151,-5.0041866,-1.5719738,-1.4293655,1.8701265
152,-5.0041866,-1.5719738,-4.1741338,.0063901898
153,-5.0041866,-1.5719738,2.2347884,.0056758286
154,-5.0041866,-1.5719738,6.3384895,-1.2445893
155,-5.0041866,-1.5719738,4.7415814,-.195493
156,-5.0041866,-1.5719738,-.75863826,1.1002758
157,-5.0041866,-1.5719738,-4.2725062,.41994926
158,-5.0041866,-1.5719738,5.5331225,-.15785521
159,-5.0041866,-1.5719738,-5.7903733,1.5841632
160,-5.0041866,-1.5719738,-3.8415282,-1.2367134
161,-5.0041866,-1.5719738,-8.3335161,.44543958
162,-5.0041866,-1.5719738,3.5054877,-1.8594835
163,-5.0041866,-1.5719738,-2.3223577,1.5871755
164,-5.0041866,-1.5719738,-4.5909724,1.2761285
165,-5.0041866,-1.5719738,.95408446,-.23841493
166,-5.0041866,-1.5719738,-5.8209591,1.8956943
168,-5.0041866,-1.5719738,3.7094967,-.64303654
170,-5.0041866,-1.5719738,-9.6039581,.74533105
171,-5.0041866,-1.5719738,1.9223498,.54196441
172,-5.0041866,-1.5719738,3.4281113,-1.086144
173,-5.0041866,-1.5719738,-1.5242223,1.7485366
174,-5.0041866,-1.5719738,-5.1222668,-2.4464798
175,-5.0041866,-1.5719738,-2.3105474,.036799714
176,-5.0041866,-1.5719738,-4.2075968,1.5302407
177,-5.0041866,-1.5719738,-1.257414,-3.5895481
178,-5.0041866,-1.5719738,-4.2294521,-1.96132
179,-5.0041866,-1.5719738,-.80052406,.25467765
180,-5.0041866,-1.5719738,1.1405867,1.3806207
181,-5.0041866,-1.5719738,3.5459731,-1.7540044
182,-5.0041866,-1.5719738,-5.0200911,1.2532936
183,-5.0041866,-1.5719738,-4.7446747,1.0589463
184,-5.0041866,-1.5719738,-11.015136,.34095854
185,-5.0041866,-1.5719738,-7.3030267,.61811537
186,-5.0041866,-1.5719738,-7.8288956,.072596498
187,-5.0041866,-1.5719738,-8.5531216,1.6115673
188,-5.0041866,-1.5719738,-8.2123175,-2.2583356
189,-5.0041866,-1.5719738,2.6673415,-.31157878
190,-5.0041866,-1.5719738,2.3014266,-.75993371
191,-5.0041866,-1.5719738,3.8458862,-.38767523
192,-5.0041866,-1.5719738,-1.9427972,.18148553
193,-5.0041866,-1.5719738,.44145784,.53081053
194,-5.0041866,-1.5719738,-5.5908093,-2.4397891
195,-5.0041866,-1.5719738,1.352661,.47014618
196,-5.0041866,-1.5719738,-9.5779867,.32250711
197,-5.0041866,-1.5719738,2.2579999,-.57577932
198,-5.0041866,-1.5719738,-.91201729,.29874659
199,-5.0041866,-1.5719738,-4.4588556,1.4761128
200,-5.0041866,-1.5719738,-.32259527,-1.2667366
201,-5.0041866,-1.5719738,-.3059952,-1.2817903
202,-5.0041866,-1.5719738,1.1357561,1.4597681
203,-5.0041866,-1.5719738,-5.4641962,1.8216915
204,-5.0041866,-1.5719738,-2.2386739,1.1988323
205,-5.0041866,-1.5719738,-9.6964407,.89908648
206,-5.0041866,-1.5719738,-6.8473363,.055404875
207,-5.0041866,-1.5719738,1.869969,-1.3680893
208,-5.0041866,-1.5719738,1.5848558,.56680751
209,-5.0041866,-1.5719738,-.49876407,.08269275
210,-5.0041866,-1.5719738,1.6973919,-6.6213546
211,-5.0041866,-1.5719738,.42494363,-1.3763119
212,-5.0041866,-1.5719738,-9.6041479,-2.1440396
213,-5.0041866,-1.5719738,-3.7408693,1.4989825
214,-5.0041866,-1.5719738,.19642733,-.49141937
215,-5.0041866,-1.5719738,1.2556186,-.55845028
216,-5.0041866,-1.5719738,3.2686536,-2.1938112
217,-5.0041866,-1.5719738,-.65778744,-.091053054
218,-5.0041866,-1.5719738,.16772227,1.0465649
219,-5.0041866,-1.5719738,-.7987954,-1.2202462
220,-5.0041866,-1.5719738,1.2613056,-.78021276
222,-5.0041866,-1.5719738,-.25760403,-1.3523469
223,-5.0041866,-1.5719738,1.4718893,.531703
224,-5.0041866,-1.5719738,-3.6535037,.44457424
225,-5.0041866,-1.5719738,1.6518525,.019693557
226,-5.0041866,-1.5719738,-.14773148,-.30979297
227,-5.0041866,-1.5719738,-5.8491335,2.1290417
228,-5.0041866,-1.5719738,-2.7745814,-1.3645806
229,-5.0041866,-1.5719738,-1.0697893,-.034927174
230,-5.0041866,-1.5719738,-11.54748,1.2972523
231,-5.0041866,-1.5719738,.81201637,-.79927731
232,-5.0041866,-1.5719738,-2.4340801,.74806094
233,-5.0041866,-1.5719738,-7.5521584,.95189339
234,-5.0041866,-1.5719738,-10.660867,-.86627227
235,-5.0041866,-1.5719738,-.047485884,-.7567398
236,-5.0041866,-1.5719738,-10.002489,1.8346624
237,-5.0041866,-1.5719738,-6.2436218,1.1937822
238,-5.0041866,-1.5719738,-.60952497,-.76141232
239,-5.0041866,-1.5719738,-3.7754982,1.7479879
240,-5.0041866,-1.5719738,.67991036,-.24724942
241,-5.0041866,-1.5719738,-8.1701422,1.7476763
242,-5.0041866,-1.5719738,4.2717328,-1.6543021
243,-5.0041866,-1.5719738,3.209203,.094908655
244,-5.0041866,-1.5719738,-3.7821007,-.57642627
245,-5.0041866,-1.5719738,-3.7994609,.28733221
246,-5.0041866,-1.5719738,-6.1934323,2.8548076
247,-5.0041866,-1.5719738,-6.1649532,1.3749751
248,-5.0041866,-1.5719738,-3.2561896,2.2493253
249,-5.0041866,-1.5719738,-3.7917042,-.51590294
250,-5.0041866,-1.5719738,-3.1877689,-1.637247
251,-5.0041866,-1.5719738,-7.7366595,-.56753129
252,-5.0041866,-1.5719738,.49398509,.60750479
253,-5.0041866,-1.5719738,-10.751054,.18392593
254,-5.0041866,-1.5719738,-4.7597456,2.3363957
255,-5.0041866,-1.5719738,-.37123424,-.72217214
257,-5.0041866,-1.5719738,-8.5053635,.25103122
258,-5.0041866,-1.5719738,-.43362883,-.4135021
261,-5.0041866,-1.5719738,-2.8280766,1.2084955
262,-5.0041866,-1.5719738,-2.9835734,1.1958739
263,-5.0041866,-1.5719738,.56303954,-3.1588907
264,-5.0041866,-1.5719738,-5.0617747,-6.3868284
265,-5.0041866,-1.5719738,.38720241,-.55524862
266,-5.0041866,-1.5719738,-.19124773,-3.798476
267,-5.0041866,-1.5719738,-1.8226147,-.56692457
268,-5.0041866,-1.5719738,-6.434711,-1.6990377
269,-5.0041866,-1.5719738,1.0968525,-1.384881
270,-5.0041866,-1.5719738,-2.4372725,-2.2890065
271,-5.0041866,-1.5719738,-4.8455234,.63649511
272,-5.0041866,-1.5719738,-5.6432819,-2.1726911
273,-5.0041866,-1.5719738,3.3849139,-1.0284102
274,-5.0041866,-1.5719738,-4.5861874,.67481953
275,-5.0041866,-1.5719738,-8.739933,1.0903069
276,-5.0041866,-1.5719738,-15.916981,-1.7775294
277,-5.0041866,-1.5719738,-8.2014189,1.9474272
278,-5.0041866,-1.5719738,.21822837,-.12310249
279,-5.0041866,-1.5719738,-6.8232789,1.1914536
280,-5.0041866,-1.5719738,-3.0202522,-.83871257
281,-5.0041866,-1.5719738,-5.8144631,1.8560504
282,-5.0041866,-1.5719738,-9.9107962,.41476443
283,-5.0041866,-1.5719738,-7.8154969,1.3984362
284,-5.0041866,-1.5719738,-2.7637188,-.1062366
285,-5.0041866,-1.5719738,-4.9751434,2.0195849
288,-5.0041866,-1.5719738,-5.1508584,-2.4556193
289,-5.0041866,-1.5719738,3.5538363,.2216973
291,-5.0041866,-1.5719738,-1.6374075,.68880224
292,-5.0041866,-1.5719738,-7.9445319,1.8642542
293,-5.0041866,-1.5719738,-3.0235269,-.93151546
294,-5.0041866,-1.5719738,-1.4292649,1.1202499
295,-5.0041866,-1.5719738,-2.2749188,-1.1209486
296,-5.0041866,-1.5719738,-3.207552,-1.1290967
297,-5.0041866,-1.5719738,-12.644709,1.3881562
298,-5.0041866,-1.5719738,-1.3062469,-.39264733
299,-5.0041866,-1.5719738,.10785042,-.34651229
300,-5.0041866,-1.5719738,-9.2514477,-3.4072793
301,-5.0041866,-1.5719738,-4.8965578,1.4466689
303,-5.0041866,-1.5719738,-3.2773452,-2.3962789
305,-5.0041866,-1.5719738,3.5741496,-1.1921121
306,-5.0041866,-1.5719738,-1.291154,-2.9393609
307,-5.0041866,-1.5719738,2.9498091,-2.5861275
308,-5.0041866,-1.5719738,-8.6185646,-.57583958
309,-5.0041866,-1.5719738,-4.8250828,-.22766906
310,-5.0041866,-1.5719738,.26206797,-1.2184809
311,-5.0041866,-1.5719738,-21.436224,.39651522
312,-5.0041866,-1.5719738,-1.1013579,-.091368131
313,-5.0041866,-1.5719738,-5.736619,-1.5861495
314,-5.0041866,-1.5719738,4.5993056,-.88366175
315,-5.0041866,-1.5719738,1.5629503,-.33182546
316,-5.0041866,-1.5719738,-9.328187,1.6461046
317,-5.0041866,-1.5719738,-5.9739976,1.7391012
318,-5.0041866,-1.5719738,1.3823652,-1.3821894
319,-5.0041866,-1.5719738,-4.1217213,-1.2123221
320,-5.0041866,-1.5719738,2.8155301,.23794313
321,-5.0041866,-1.5719738,-3.1475685,.69411743
322,-5.0041866,-1.5719738,-2.1236205,-.10116496
323,-5.0041866,-1.5719738,-.72965699,-1.4794581
324,-5.0041866,-1.5719738,-7.4236221,-1.9765921
325,-5.0041866,-1.5719738,-3.9551203,-.20796748
326,-5.0041866,-1.5719738,-.29201832,-2.0179124
327,-5.0041866,-1.5719738,-.4653044,-.71374488
328,-5.0041866,-1.5719738,-9.3390818,.90064925
329,-5.0041866,-1.5719738,4.8610568,-5.8948836
330,-5.0041866,-1.5719738,-2.4851727,.61588234
331,-5.0041866,-1.5719738,-3.2978711,.53632331
332,-5.0041866,-1.5719738,-10.574876,-2.623302
333,-5.0041866,-1.5719738,.47017968,-.99600905
334,-5.0041866,-1.5719738,-4.5302205,2.7645898
335,-5.0041866,-1.5719738,-1.1741769,-.65656686
336,-5.0041866,-1.5719738,.045373689,-.35233244
337,-5.0041866,-1.5719738,1.3554195,-2.9140384
338,-5.0041866,-1.5719738,2.7280357,-.82034731
339,-5.0041866,-1.5719738,-3.8780971,-.073967904
340,-5.0041866,-1.5719738,-10.319873,-2.0423589
341,-5.0041866,-1.5719738,-2.6638708,.91002238
342,-5.0041866,-1.5719738,-3.1975777,1.5164688
343,-5.0041866,-1.5719738,-4.9110322,-.82544488
344,-5.0041866,-1.5719738,-1.9975935,-1.4152684
345,-5.0041866,-1.5719738,6.4245691,-1.827831
346,-5.0041866,-1.5719738,-2.6804008,-1.384892
347,-5.0041866,-1.5719738,-.96281797,-1.0518523
348,-5.0041866,-1.5719738,-1.9978456,-.43269181
349,-5.0041866,-1.5719738,-4.410356,-.58679599
350,-5.0041866,-1.5719738,-.86931497,1.3494502
351,-5.0041866,-1.5719738,-6.3044949,.62851924
353,-5.0041866,-1.5719738,-3.4454224,.17503306
354,-5.0041866,-1.5719738,-7.4834418,-2.3585002
355,-5.0041866,-1.5719738,.52593946,-1.3787266
357,-5.0041866,-1.5719738,-3.1482155,-2.0985274
358,-5.0041866,-1.5719738,-5.0428696,.043966368
359,-5.0041866,-1.5719738,-4.9865894,1.1270198
360,-5.0041866,-1.5719738,1.8637081,-.2931692
361,-5.0041866,-1.5719738,-8.8938532,-.62641245
362,-5.0041866,-1.5719738,-4.3717837,-.37663272
363,-5.0041866,-1.5719738,2.6659684,-.90163511
364,-5.0041866,-1.5719738,-2.0148103,-1.5105845
365,-5.0041866,-1.5719738,-4.8423367,-.44642189
366,-5.0041866,-1.5719738,-9.280282,.80574918
367,-5.0041866,-1.5719738,-4.62712,-2.2784066
368,-5.0041866,-1.5719738,-3.0611064,1.0321352
369,-5.0041866,-1.5719738,-5.9293947,1.8094785
370,-5.0041866,-1.5719738,-18.953518,-2.5438788
371,-5.0041866,-1.5719738,-4.509583,1.2621663
372,-5.0041866,-1.5719738,-3.7339442,-.89317763
373,-5.0041866,-1.5719738,-11.978543,.02817291
374,-5.0041866,-1.5719738,4.9311376,-.10730179
375,-5.0041866,-1.5719738,-.33923927,-3.0599971
376,-5.0041866,-1.5719738,-1.958989,-.51453513
377,-5.0041866,-1.5719738,-4.7728677,-1.8417454
378,-5.0041866,-1.5719738,4.2922244,-1.138034
379,-5.0041866,-1.5719738,-6.3853927,1.2636689
380,-5.0041866,-1.5719738,1.2877419,-1.0320421
381,-5.0041866,-1.5719738,-5.7738495,-.093863986
382,-5.0041866,-1.5719738,-7.1687355,-2.2311847
383,-5.0041866,-1.5719738,-4.8175235,-.70863521
384,-5.0041866,-1.5719738,-.0028438349,-.48765618
385,-5.0041866,-1.5719738,-4.3438625,-.02724627
386,-5.0041866,-1.5719738,-2.7915673,.9073202
387,-5.0041866,-1.5719738,1.4367729,-.82414007
388,-5.0041866,-1.5719738,-2.7656469,-3.3675597
389,-5.0041866,-1.5719738,-7.9707041,1.6543618
390,-5.0041866,-1.5719738,-2.1496632,-1.7016587
391,-5.0041866,-1.5719738,-7.5844879,1.7928902
392,-5.0041866,-1.5719738,.31194776,-.39638823
393,-5.0041866,-1.5719738,4.947022,-.83177859
394,-5.0041866,-1.5719738,-8.5270214,1.0015557
395,-5.0041866,-1.5719738,-4.9523702,1.0249487
396,-5.0041866,-1.5719738,-.82499254,.77011836
397,-5.0041866,-1.5719738,-1.8713722,1.2894593
398,-5.0041866,-1.5719738,-4.4613395,1.1136152
399,-5.0041866,-1.5719738,-3.8815801,-.69068921
401,-5.0041866,-1.5719738,-4.586957,-.32241476
403,-5.0041866,-1.5719738,.60852528,-.55981117
404,-5.0041866,-1.5719738,2.0256791,.50410783
405,-5.0041866,-1.5719738,-.47379836,-1.2538515
406,-5.0041866,-1.5719738,4.3467765,-.26632193
407,-5.0041866,-1.5719738,-4.6003404,-.55872566
408,-5.0041866,-1.5719738,-3.462853,-2.3089099
409,-5.0041866,-1.5719738,-2.2063594,-1.642944
410,-5.0041866,-1.5719738,-3.3286605,-1.6338698
411,-5.0041866,-1.5719738,-4.6541286,-1.7849923
412,-5.0041866,-1.5719738,-3.9330127,1.1632246
413,-5.0041866,-1.5719738,-.83885801,-2.2648015
414,-5.0041866,-1.5719738,-5.272408,.62819129
417,-5.0041866,-1.5719738,-2.7697673,.87054837
418,-5.0041866,-1.5719738,-1.946578,-.16018139
419,-5.0041866,-1.5719738,-12.21889,1.7864029
420,-5.0041866,-1.5719738,-22.898453,.23299128
421,-5.0041866,-1.5719738,-44.013969,-.50627279
422,-5.0041866,-1.5719738,1.1389703,-2.70047
424,-5.0041866,-1.5719738,-1.8447534,-.010402285
426,-5.0041866,-1.5719738,-6.4099488,1.5685631
427,-5.0041866,-1.5719738,-4.3355379,1.9619575
429,-5.0041866,-1.5719738,-6.1753712,.84672856
430,-5.0041866,-1.5719738,-7.6355681,-3.0630641
431,-5.0041866,-1.5719738,-4.3078451,.072686777
432,-5.0041866,-1.5719738,-5.1473899,-.57418925
433,-5.0041866,-1.5719738,.079965867,-.42860252
434,-5.0041866,-1.5719738,-5.9464869,1.3292512
435,-5.0041866,-1.5719738,-3.4959862,-.6636129
436,-5.0041866,-1.5719738,4.7615695,-1.0201199
437,-5.0041866,-1.5719738,.27416962,-.86258876
438,-5.0041866,-1.5719738,3.1946602,-1.3239948
439,-5.0041866,-1.5719738,-4.5727987,-1.1695552
440,-5.0041866,-1.5719738,-8.794898,-1.9595809
442,-5.0041866,-1.5719738,.308911,-2.4507103
443,-5.0041866,-1.5719738,-1.1917905,-1.7667012
444,-5.0041866,-1.5719738,9.6299753,-3.4677134
445,-5.0041866,-1.5719738,3.5554953,-2.960397
446,-5.0041866,-1.5719738,2.48757,-3.5307505
447,-5.0041866,-1.5719738,-5.9268422,-1.9199822
448,-5.0041866,-1.5719738,-1.054395,-.70335555
449,-5.0041866,-1.5719738,2.6394742,-1.8444401
450,-5.0041866,-1.5719738,-3.4545283,-.39766547
451,-5.0041866,-1.5719738,-5.9016566,-1.5154471
452,-5.0041866,-1.5719738,-3.1494448,-.057981819
453,-5.0041866,-1.5719738,-2.2096364,-.60982382
454,-5.0041866,-1.5719738,-1.0282197,-2.5685332
455,-5.0041866,-1.5719738,.69735092,-.23638438
456,-5.0041866,-1.5719738,-5.5014658,1.9294127
457,-5.0041866,-1.5719738,-9.1187963,-.80314553
458,-5.0041866,-1.5719738,-5.5896225,.61015189
459,-5.0041866,-1.5719738,-2.9141307,.33049825
460,-5.0041866,-1.5719738,1.4632121,-1.8751827
461,-5.0041866,-1.5719738,-2.1614633,-2.2263918
463,-5.0041866,-1.5719738,-1.9425987,.18318519
464,-5.0041866,-1.5719738,-.18351218,-1.7477566
466,-5.0041866,-1.5719738,-.10845467,-1.5136974
467,-5.0041866,-1.5719738,3.9490168,-1.9263569
468,-5.0041866,-1.5719738,-6.3208399,1.5983214
469,-5.0041866,-1.5719738,-10.680246,-1.7595277
470,-5.0041866,-1.5719738,1.2822331,-1.2778097
471,-5.0041866,-1.5719738,-2.2734253,-1.2054144
472,-5.0041866,-1.5719738,-6.2734094,-.57524669
473,-5.0041866,-1.5719738,-.46063721,-.32920378
474,-5.0041866,-1.5719738,-12.721985,-.014398787
475,-5.0041866,-1.5719738,-4.5382051,-.14236695
476,-5.0041866,-1.5719738,-5.808393,-1.3435962
478,-5.0041866,-1.5719738,1.2672486,-1.6064124
479,-5.0041866,-1.5719738,-5.1177649,-.90188998
480,-5.0041866,-1.5719738,.50825638,-.56489331
481,-5.0041866,-1.5719738,-5.7271018,-.76659185
482,-5.0041866,-1.5719738,-1.3792505,-1.2831341
483,-5.0041866,-1.5719738,-1.2470658,-.70064229
484,-5.0041866,-1.5719738,4.1228361,-2.8172877
485,-5.0041866,-1.5719738,-5.0978885,-1.5061241
486,-5.0041866,-1.5719738,-6.2507796,.93648654
487,-5.0041866,-1.5719738,6.149107,-.41697663
488,-5.0041866,-1.5719738,-7.6126604,.98443818
489,-5.0041866,-1.5719738,-5.5506172,.74994081
490,-5.0041866,-1.5719738,-2.4813035,-.126596
491,-5.0041866,-1.5719738,-4.1232166,-3.9792688
492,-5.0041866,-1.5719738,2.1365206,.29231888
493,-5.0041866,-1.5719738,-6.7053332,-.69320655
494,-5.0041866,-1.5719738,-5.8078613,-.96460778
495,-5.0041866,-1.5719738,-3.7068784,-.040377934
496,-5.0041866,-1.5719738,-2.6092293,-1.9206259
497,-5.0041866,-1.5719738,-2.7751968,-1.3515965
498,-5.0041866,-1.5719738,-.7766602,.99620587
499,-5.0041866,-1.5719738,-4.0703053,-2.0968771
500,-5.0041866,-1.5719738,3.5093749,-.48722005
501,-5.0041866,-1.5719738,-3.1516376,.002200573
502,-5.0041866,-1.5719738,.26934597,-3.0357993
503,-5.0041866,-1.5719738,-1.1927825,-1.6510587
504,-5.0041866,-1.5719738,-6.6435242,.41544914
505,-5.0041866,-1.5719738,-4.2811708,-3.1725163
506,-5.0041866,-1.5719738,1.1073729,-1.5808537
507,-5.0041866,-1.5719738,-2.6425769,-.31859583
508,-5.0041866,-1.5719738,-.3350153,-1.3238494
509,-5.0041866,-1.5719738,1.7383976,-2.8703151
510,-5.0041866,-1.5719738,-.96529603,-.055948637
511,-5.0041866,-1.5719738,-6.0091505,1.6332132
512,-5.0041866,-1.5719738,-1.0065306,-1.3274282
513,-5.0041866,-1.5719738,2.9813683,.13632923
514,-5.0041866,-1.5719738,-5.3878379,-1.4478909
515,-5.0041866,-1.5719738,-3.6667173,-.35263726
516,-5.0041866,-1.5719738,-2.6167486,-.44465068
517,-5.0041866,-1.5719738,-2.9235678,1.3289862
518,-5.0041866,-1.5719738,-10.506681,-.95722634
519,-5.0041866,-1.5719738,1.3856615,-2.8554993
520,-5.0041866,-1.5719738,-3.1497979,-.64481795
521,-5.0041866,-1.5719738,-10.587335,-.33198205
522,-5.0041866,-1.5719738,.53811276,.18624035
523,-5.0041866,-1.5719738,3.4163346,-2.5513878
525,-5.0041866,-1.5719738,-7.2583756,-1.6548393
526,-5.0041866,-1.5719738,2.4249179,-2.6165164
528,-5.0041866,-1.5719738,-5.6468368,-1.942269
529,-5.0041866,-1.5719738,.72190797,.95323485
530,-5.0041866,-1.5719738,-9.0372353,-.090689346
531,-5.0041866,-1.5719738,-.96811986,-.8114084
532,-5.0041866,-1.5719738,-2.3070905,.16517939
533,-5.0041866,-1.5719738,-8.9310169,.35210216
534,-5.0041866,-1.5719738,1.1151572,-2.9264266
535,-5.0041866,-1.5719738,-2.8034947,1.6345116
536,-5.0041866,-1.5719738,1.3800783,-1.2663598
537,-5.0041866,-1.5719738,-4.3000026,.95990354
538,-5.0041866,-1.5719738,-5.5863161,.97580546
539,-5.0041866,-1.5719738,-8.4094629,.93951976
540,-5.0041866,-1.5719738,-3.1496639,.12394775
541,-5.0041866,-1.5719738,-1.1903144,.027184503
542,-5.0041866,-1.5719738,.20751019,-1.7030618
543,-5.0041866,-1.5719738,-2.9733837,-.094423741
544,-5.0041866,-1.5719738,-12.165516,-.069558032
545,-5.0041866,-1.5719738,-8.8161764,-2.2880733
546,-5.0041866,-1.5719738,-5.7899098,-1.5328561
547,-5.0041866,-1.5719738,-8.9010544,.28637034
548,-5.0041866,-1.5719738,1.06479,-.57289869
550,-5.0041866,-1.5719738,-1.3550611,-7.6618018
551,-5.0041866,-1.5719738,-3.5239716,-.12780729
552,-5.0041866,-1.5719738,-1.624269,-1.2919312
553,-5.0041866,-1.5719738,1.8383731,-3.3032119
554,-5.0041866,-1.5719738,-3.6487598,-2.1316416
555,-5.0041866,-1.5719738,3.5787632,-1.7332704
556,-5.0041866,-1.5719738,-8.0203075,-1.8343436
557,-5.0041866,-1.5719738,-.38037038,-2.0369337
558,-5.0041866,-1.5719738,.16864032,.33162397
560,-5.0041866,-1.5719738,3.8546593,-.82763594
561,-5.0041866,-1.5719738,.57697737,-1.6713986
562,-5.0041866,-1.5719738,-3.5933294,-.16817819
563,-5.0041866,-1.5719738,.98009962,-.42567083
564,-5.0041866,-1.5719738,-4.7115183,-1.9007796
565,-5.0041866,-1.5719738,5.1749144,-1.2719916
566,-5.0041866,-1.5719738,-6.7715578,-.89190227
567,-5.0041866,-1.5719738,-1.4269422,.39563325
568,-5.0041866,-1.5719738,-2.5381939,.46249944
569,-5.0041866,-1.5719738,3.1450427,-.51447898
570,-5.0041866,-1.5719738,-1.4276239,-.71756786
571,-5.0041866,-1.5719738,-5.6066003,-2.240639
572,-5.0041866,-1.5719738,-15.251406,2.7216129
574,-5.0041866,-1.5719738,-4.2680607,1.3064255
575,-5.0041866,-1.5719738,-.87202799,.5329473
576,-5.0041866,-1.5719738,-15.887261,.71471745
577,-5.0041866,-1.5719738,-1.6856883,-.063169837
578,-5.0041866,-1.5719738,1.002884,-1.1810868
579,-5.0041866,-1.5719738,-8.6796389,1.8991328
580,-5.0041866,-1.5719738,4.2391152,-.25703853
581,-5.0041866,-1.5719738,-.78994161,-.4648374
582,-5.0041866,-1.5719738,2.9783978,-.75207078
583,-5.0041866,-1.5719738,4.5118275,-2.0544679
584,-5.0041866,-1.5719738,-1.6420687,-.55347496
586,-5.0041866,-1.5719738,-5.0637107,-.45241144
587,-5.0041866,-1.5719738,-11.088522,-.15264556
589,-5.0041866,-1.5719738,1.7187459,-3.3102241
590,-5.0041866,-1.5719738,1.6311624,.062035274
591,-5.0041866,-1.5719738,-6.0342836,.55339324
592,-5.0041866,-1.5719738,-3.6401067,-2.4349339
593,-5.0041866,-1.5719738,-1.0187614,-.96615022
594,-5.0041866,-1.5719738,-2.2998464,.12700094
595,-5.0041866,-1.5719738,-6.7162356,1.6490934
596,-5.0041866,-1.5719738,.18196157,1.1046634
597,-5.0041866,-1.5719738,3.4271855,-2.3230245
598,-5.0041866,-1.5719738,-3.2483907,-1.8760121
599,-5.0041866,-1.5719738,-4.9462276,-.76705748
600,-5.0041866,-1.5719738,-.029597921,.22140932
601,-5.0041866,-1.5719738,-1.0389889,1.874922
602,-5.0041866,-1.5719738,2.3569543,-1.8362566
603,-5.0041866,-1.5719738,-2.5240686,-.1810974
604,-5.0041866,-1.5719738,-1.8386992,.35254824
605,-5.0041866,-1.5719738,1.6381845,-4.6020312
607,-5.0041866,-1.5719738,-.58581132,1.3526168
608,-5.0041866,-1.5719738,.78813064,-.77524269
609,-5.0041866,-1.5719738,2.066946,-.29851505
610,-5.0041866,-1.5719738,-.42161104,-2.2933638
612,-5.0041866,-1.5719738,.90486789,-.60569841
613,-5.0041866,-1.5719738,1.2770122,-1.0972718
614,-5.0041866,-1.5719738,3.4007938,-1.6452329
615,-5.0041866,-1.5719738,3.4386046,-1.5707197
616,-5.0041866,-1.5719738,-3.3308866,.49801525
617,-5.0041866,-1.5719738,-4.8668008,.80273271
618,-5.0041866,-1.5719738,3.2394865,-2.5316274
619,-5.0041866,-1.5719738,-1.6889281,.22872204
620,-5.0041866,-1.5719738,-1.5331233,-1.111034
621,-5.0041866,-1.5719738,-2.9793386,.0038710169
622,-5.0041866,-1.5719738,.95036936,-1.5291688
623,-5.0041866,-1.5719738,-6.1817818,-.34378839
624,-5.0041866,-1.5719738,3.7927396,-1.4668096
625,-5.0041866,-1.5719738,-1.5842183,-1.6716067
626,-5.0041866,-1.5719738,-6.3744311,.25278884
627,-5.0041866,-1.5719738,.79236329,.09326677
630,-5.0041866,-1.5719738,.98358572,-1.1823835
631,-5.0041866,-1.5719738,-1.2032651,-1.5951146
632,-5.0041866,-1.5719738,-1.3460208,.6909039
633,-5.0041866,-1.5719738,-3.2525725,-2.2673929
634,-5.0041866,-1.5719738,-.20385531,-1.7594191
635,-5.0041866,-1.5719738,1.328482,.23358445
636,-5.0041866,-1.5719738,2.7505839,-.47325054
637,-5.0041866,-1.5719738,-2.3225393,.55577368
638,-5.0041866,-1.5719738,4.1069474,-1.7217163
639,-5.0041866,-1.5719738,.69605732,-2.4162316
640,-5.0041866,-1.5719738,-.61185634,.13364436
641,-5.0041866,-1.5719738,-4.4491668,.86518872
642,-5.0041866,-1.5719738,-1.2856007,-.30520982
643,-5.0041866,-1.5719738,7.5948372,-2.0244997
644,-5.0041866,-1.5719738,1.6152669,-.50968462
645,-5.0041866,-1.5719738,-8.6649313,.059368882
646,-5.0041866,-1.5719738,-10.484956,-1.0459461
647,-5.0041866,-1.5719738,-5.7132516,.026181955
648,-5.0041866,-1.5719738,-8.7021275,-1.6412174
649,-5.0041866,-1.5719738,3.6316767,-.089839131
651,-5.0041866,-1.5719738,-.69192189,-.015989318
652,-5.0041866,-1.5719738,-1.9583888,-.41034266
653,-5.0041866,-1.5719738,-.22129068,-.54279137
655,-5.0041866,-1.5719738,-5.7626042,-.56060994
656,-5.0041866,-1.5719738,-2.4432859,.43447599
657,-5.0041866,-1.5719738,-3.7901385,1.8755807
658,-5.0041866,-1.5719738,-.25303847,-2.9503534
659,-5.0041866,-1.5719738,.83633107,.21401301
660,-5.0041866,-1.5719738,4.2649708,-1.2599908
661,-5.0041866,-1.5719738,3.2311606,-.30064169
663,-5.0041866,-1.5719738,-2.9417715,-2.2742627
664,-5.0041866,-1.5719738,-5.789196,1.1322119
665,-5.0041866,-1.5719738,1.616743,-2.3658245
666,-5.0041866,-1.5719738,-3.7798421,-.84012276
667,-5.0041866,-1.5719738,-.38706666,.39467826
668,-5.0041866,-1.5719738,-2.0933444,-.8850742
669,-5.0041866,-1.5719738,-3.487879,-.22127086
670,-5.0041866,-1.5719738,2.5306387,-.078578159
671,-5.0041866,-1.5719738,.96610278,-.64163309
673,-5.0041866,-1.5719738,-10.426859,-.4543663
674,-5.0041866,-1.5719738,-.36438763,-1.0358813
675,-5.0041866,-1.5719738,-7.5452638,-2.1202376
676,-5.0041866,-1.5719738,-.09460444,-1.4667685
677,-5.0041866,-1.5719738,-.027591303,-1.4865235
678,-5.0041866,-1.5719738,6.6928387,-.19269173
679,-5.0041866,-1.5719738,-1.0700893,.80853188
680,-5.0041866,-1.5719738,-2.0979295,-1.3279328
681,-5.0041866,-1.5719738,-5.5558314,-5.2816534
682,-5.0041866,-1.5719738,-1.7203432,1.4649287
683,-5.0041866,-1.5719738,1.4337325,-1.0560054
684,-5.0041866,-1.5719738,-.72675449,1.4319737
685,-5.0041866,-1.5719738,4.5997524,-1.2795596
686,-5.0041866,-1.5719738,-.53607714,-1.7891489
687,-5.0041866,-1.5719738,-7.7335358,.61714846
688,-5.0041866,-1.5719738,-6.1324911,.19263797
689,-5.0041866,-1.5719738,-3.2534392,.096993305
690,-5.0041866,-1.5719738,-1.8804713,.1192048
691,-5.0041866,-1.5719738,-1.8600616,-.86255962
692,-5.0041866,-1.5719738,1.3723049,-.76078755
693,-5.0041866,-1.5719738,-11.182276,-.69536
694,-5.0041866,-1.5719738,-4.7652273,-.011465669
695,-5.0041866,-1.5719738,-.62698358,-.90281254
696,-5.0041866,-1.5719738,.64697719,-2.7397821
697,-5.0041866,-1.5719738,-7.0084028,-.7683391
701,-5.0041866,-1.5719738,3.8628557,1.1949627
702,-5.0041866,-1.5719738,-3.2916393,-.47802794
703,-5.0041866,-1.5719738,2.4909818,-1.3610522
704,-5.0041866,-1.5719738,-.92243147,-.39526722
705,-5.0041866,-1.5719738,-3.755795,-.13439541
706,-5.0041866,-1.5719738,5.8685646,-3.1809561
707,-5.0041866,-1.5719738,-1.2530714,-1.1468858
708,-5.0041866,-1.5719738,.13692705,-1.4658659
709,-5.0041866,-1.5719738,-8.9675264,-.97898155
710,-5.0041866,-1.5719738,1.2523326,-2.9152834
711,-5.0041866,-1.5719738,.5100354,-1.4463992
712,-5.0041866,-1.5719738,-1.412568,-1.1948332
713,-5.0041866,-1.5719738,-2.3935671,-.61066449
714,-5.0041866,-1.5719738,-9.6731462,-.79549104
715,-5.0041866,-1.5719738,5.7401509,-2.7785251
716,-5.0041866,-1.5719738,2.6108396,-3.6753592
717,-5.0041866,-1.5719738,-1.2233704,.66444814
718,-5.0041866,-1.5719738,.14062208,.80705673
719,-5.0041866,-1.5719738,.79565847,-.41140848
720,-5.0041866,-1.5719738,-4.4118571,-.25928372
722,-5.0041866,-1.5719738,6.1451488,-1.1380738
724,-5.0041866,-1.5719738,-5.1594658,-1.6838393
725,-5.0041866,-1.5719738,-1.2138399,-1.2631319
726,-5.0041866,-1.5719738,-3.6518931,-.67906094
727,-5.0041866,-1.5719738,2.216831,-1.52307
728,-5.0041866,-1.5719738,-1.9876406,.44525424
729,-5.0041866,-1.5719738,-6.3907256,-1.2365237
730,-5.0041866,-1.5719738,-3.1174548,-.81790233
731,-5.0041866,-1.5719738,-1.9569893,-1.4480134
732,-5.0041866,-1.5719738,-5.1365833,.4671427
733,-5.0041866,-1.5719738,2.2680385,-3.4137955
734,-5.0041866,-1.5719738,1.1668872,-.46939602
736,-5.0041866,-1.5719738,-1.4329258,.71621269
737,-5.0041866,-1.5719738,-8.0588951,-1.0890862
738,-5.0041866,-1.5719738,-9.6084824,-.90879977
739,-5.0041866,-1.5719738,-7.0302267,-1.9856267
740,-5.0041866,-1.5719738,-1.8545046,.78452158
741,-5.0041866,-1.5719738,-.51951653,-1.0283737
742,-5.0041866,-1.5719738,-2.8894987,.31829396
743,-5.0041866,-1.5719738,-.90125424,.10918826
744,-5.0041866,-1.5719738,.29992756,-.79111838
746,-5.0041866,-1.5719738,-3.0141485,.57995337
751,-5.0041866,-1.5719738,-.14622806,-1.1479834
752,-5.0041866,-1.5719738,-4.3813314,-3.1305232
753,-5.0041866,-1.5719738,.054958183,-.65479392
755,-5.0041866,-1.5719738,-6.7414002,-2.0083551
756,-5.0041866,-1.5719738,4.139502,-7.5985045
757,-5.0041866,-1.5719738,-.35201243,-1.622559
758,-5.0041866,-1.5719738,.22439279,.18923627
760,-5.0041866,-1.5719738,-1.5789003,-1.7621659
761,-5.0041866,-1.5719738,-3.0204649,-.51877886
762,-5.0041866,-1.5719738,-3.8568232,.012485925
763,-5.0041866,-1.5719738,-7.2564816,-1.8929602
765,-5.0041866,-1.5719738,-.75596952,-.026460052
766,-5.0041866,-1.5719738,.40151656,-2.0886924
767,-5.0041866,-1.5719738,8.1790676,-4.4646702
769,-5.0041866,-1.5719738,.56793255,-.5807662
770,-5.0041866,-1.5719738,3.9175484,-2.1449089
771,-5.0041866,-1.5719738,-.20076998,-.22585471
772,-5.0041866,-1.5719738,.34580749,-3.1392817
773,-5.0041866,-1.5719738,2.8592269,-.47799316
774,-5.0041866,-1.5719738,.52580827,-.21454147
775,-5.0041866,-1.5719738,1.1088754,-2.1016748
776,-5.0041866,-1.5719738,-9.9305496,-1.861951
777,-5.0041866,-1.5719738,-9.1231527,-1.4124304
778,-5.0041866,-1.5719738,-7.4159889,-2.3004079
779,-5.0041866,-1.5719738,-5.1777787,-.59067577
781,-5.0041866,-1.5719738,.48947433,-1.4404815
783,-5.0041866,-1.5719738,-.26691821,.17186916
784,-5.0041866,-1.5719738,-7.7552013,-.46653119
785,-5.0041866,-1.5719738,-4.5035634,1.2728484
786,-5.0041866,-1.5719738,.9254365,-.9201901
787,-5.0041866,-1.5719738,-2.7180779,.15042563
788,-5.0041866,-1.5719738,-5.7784004,-1.3450803
789,-5.0041866,-1.5719738,-18.365191,-.98622733
790,-5.0041866,-1.5719738,1.7736795,-2.3384719
791,-5.0041866,-1.5719738,-9.6106033,-.63769507
792,-5.0041866,-1.5719738,4.1786799,-3.0232182
793,-5.0041866,-1.5719738,-3.0432067,-1.0608928
794,-5.0041866,-1.5719738,-1.6100121,-.50731289
795,-5.0041866,-1.5719738,1.240045,.03602054
796,-5.0041866,-1.5719738,-2.614145,-.87465161
798,-5.0041866,-1.5719738,-2.427561,-1.5186596
800,-5.0041866,-1.5719738,-1.5757619,.10879928
801,-5.0041866,-1.5719738,.54786372,-3.4514287
802,-5.0041866,-1.5719738,-3.1752362,-.84198999
803,-5.0041866,-1.5719738,-2.6765897,-.71172428
805,-5.0041866,-1.5719738,-5.1937809,.26722199
806,-5.0041866,-1.5719738,-5.5480108,-2.4449513
807,-5.0041866,-1.5719738,-4.2273669,-.35925776
808,-5.0041866,-1.5719738,-.46031117,-.49387375
809,-5.0041866,-1.5719738,-8.78514,-3.560394
810,-5.0041866,-1.5719738,-6.0096912,-.73091781
811,-5.0041866,-1.5719738,.1148567,-.066967145
812,-5.0041866,-1.5719738,.29543748,.12476083
813,-5.0041866,-1.5719738,2.0248189,-6.4312687
814,-5.0041866,-1.5719738,1.8786428,-1.359093
815,-5.0041866,-1.5719738,-4.566905,-.56115669
817,-5.0041866,-1.5719738,3.2220633,-5.1396747
819,-5.0041866,-1.5719738,-2.7900653,-1.3546497
822,-5.0041866,-1.5719738,-6.678515,-1.1973683
824,-5.0041866,-1.5719738,-6.4569731,-1.663254
826,-5.0041866,-1.5719738,-3.1755745,.45916697
827,-5.0041866,-1.5719738,-8.7233353,.16243091
828,-5.0041866,-1.5719738,-1.1505924,.71957445
829,-5.0041866,-1.5719738,-.072965868,-.3773154
830,-5.0041866,-1.5719738,6.9451866,-2.3592539
831,-5.0041866,-1.5719738,-21.843147,-.034062617
832,-5.0041866,-1.5719738,-.91696578,-.83872974
833,-5.0041866,-1.5719738,-1.1553829,-.79895562
834,-5.0041866,-1.5719738,2.4272318,-.89466131
835,-5.0041866,-1.5719738,-1.4596437,-.58373338
837,-5.0041866,-1.5719738,1.4744011,-.46756241
838,-5.0041866,-1.5719738,2.8922029,-.59402525
840,-5.0041866,-1.5719738,-7.2075095,-.013250654
841,-5.0041866,-1.5719738,1.4525292,-2.2468348
842,-5.0041866,-1.5719738,.34870455,-3.2807393
844,-5.0041866,-1.5719738,-3.659507,-1.9666737
845,-5.0041866,-1.5719738,-7.1504564,.73378867
846,-5.0041866,-1.5719738,1.0164214,-.50216812
847,-5.0041866,-1.5719738,-13.815867,-1.8605986
848,-5.0041866,-1.5719738,-4.7727742,-.87560046
849,-5.0041866,-1.5719738,-3.3221331,1.2571998
850,-5.0041866,-1.5719738,-4.384376,-1.6208291
851,-5.0041866,-1.5719738,-1.4910046,-2.2458098
852,-5.0041866,-1.5719738,-7.7113504,.052046992
854,-5.0041866,-1.5719738,-.17499602,-.20913503
855,-5.0041866,-1.5719738,1.6749294,-3.6097393
857,-5.0041866,-1.5719738,-5.424787,.70454526
858,-5.0041866,-1.5719738,-15.134665,-1.9802651
859,-5.0041866,-1.5719738,-.63415283,-1.0336937
861,-5.0041866,-1.5719738,-4.2065439,.23442465
862,-5.0041866,-1.5719738,20.60408,-6.8427391
863,-5.0041866,-1.5719738,-6.6310735,-.22481996
864,-5.0041866,-1.5719738,-6.9339514,-.24028939
865,-5.0041866,-1.5719738,-11.251369,.64129913
866,-5.0041866,-1.5719738,-2.2860804,-.73883754
867,-5.0041866,-1.5719738,-2.6220782,-1.2692416
868,-5.0041866,-1.5719738,-.36042207,1.0390426
869,-5.0041866,-1.5719738,-3.4478457,-.77857244
871,-5.0041866,-1.5719738,-3.1744967,-.22055262
873,-5.0041866,-1.5719738,2.5570228,-.69290411
874,-5.0041866,-1.5719738,-2.1891139,-.4518154
876,-5.0041866,-1.5719738,-1.4073087,-1.6629782
877,-5.0041866,-1.5719738,-7.7289624,-1.2643677
878,-5.0041866,-1.5719738,1.050386,.58897728
879,-5.0041866,-1.5719738,-1.0386263,.015482414
880,-5.0041866,-1.5719738,-.27760246,.23776135
881,-5.0041866,-1.5719738,-8.9899263,.39052674
882,-5.0041866,-1.5719738,-1.4940116,-3.036037
883,-5.0041866,-1.5719738,-3.7092297,-1.1190871
884,-5.0041866,-1.5719738,-6.7746711,.0067451946
885,-5.0041866,-1.5719738,-4.4688721,-.45594037
886,-5.0041866,-1.5719738,-.71028751,.63859195
887,-5.0041866,-1.5719738,-3.8779497,-.65279514
889,-5.0041866,-1.5719738,-4.9482417,-2.0580471
891,-5.0041866,-1.5719738,2.0850077,.62935156
893,-5.0041866,-1.5719738,-8.6873693,-2.7651174
895,-5.0041866,-1.5719738,1.097419,.48679352
896,-5.0041866,-1.5719738,-4.9754252,.60770094
897,-5.0041866,-1.5719738,-.54871559,-1.0122026
898,-5.0041866,-1.5719738,-6.5837631,-.70612824
899,-5.0041866,-1.5719738,-1.732254,-.032021068
900,-5.0041866,-1.5719738,-.15025786,.053873871
901,-5.0041866,-1.5719738,-12.543345,-1.7521904
902,-5.0041866,-1.5719738,-.57468426,.036614977
904,-5.0041866,-1.5719738,-7.2967582,-.22617614
905,-5.0041866,-1.5719738,-7.1204791,.42784071
906,-5.0041866,-1.5719738,-2.5030301,-.44378933
907,-5.0041866,-1.5719738,.89027739,.45897311
908,-5.0041866,-1.5719738,-6.1126485,.90239269
909,-5.0041866,-1.5719738,-2.676435,-1.2738553
910,-5.0041866,-1.5719738,-9.4558153,-2.4114006
911,-5.0041866,-1.5719738,-2.996829,-.37008053
912,-5.0041866,-1.5719738,-2.4613328,-.22728673
913,-5.0041866,-1.5719738,-3.4204211,.87385595
917,-5.0041866,-1.5719738,-2.083987,.21580939
918,-5.0041866,-1.5719738,-4.4500937,-.47469014
919,-5.0041866,-1.5719738,-25.230505,-.4197706
920,-5.0041866,-1.5719738,-2.3252208,-2.133847
922,-5.0041866,-1.5719738,-7.8001933,-.12863646
923,-5.0041866,-1.5719738,-10.100962,-.31052667
924,-5.0041866,-1.5719738,-6.2572098,-.86738306
925,-5.0041866,-1.5719738,-3.4081664,-.63049787
926,-5.0041866,-1.5719738,-1.8290833,-.54935771
927,-5.0041866,-1.5719738,2.3958836,-1.114921
928,-5.0041866,-1.5719738,3.9264944,-.75109458
929,-5.0041866,-1.5719738,7.9456081,-1.697666
930,-5.0041866,-1.5719738,-8.8061876,2.0028436
931,-5.0041866,-1.5719738,-1.6921606,.58296734
932,-5.0041866,-1.5719738,-1.0214896,-2.2244251
935,-5.0041866,-1.5719738,-5.1880913,.27327287
936,-5.0041866,-1.5719738,-5.7923198,.024543611
937,-5.0041866,-1.5719738,-.83292502,.74112236
938,-5.0041866,-1.5719738,-4.0698919,-.53649491
941,-5.0041866,-1.5719738,-13.334006,.1161087
942,-5.0041866,-1.5719738,.41863188,-.67911649
943,-5.0041866,-1.5719738,-9.8073635,-1.7933249
944,-5.0041866,-1.5719738,1.9700207,-1.7162167
945,-5.0041866,-1.5719738,-6.112524,-.86440051
948,-5.0041866,-1.5719738,-4.3344483,-.38849261
950,-5.0041866,-1.5719738,-11.0737,.9692139
951,-5.0041866,-1.5719738,-5.1090932,-.41138786
952,-5.0041866,-1.5719738,-2.8520088,-1.5128335
953,-5.0041866,-1.5719738,-4.2279968,-.78682315
954,-5.0041866,-1.5719738,-.81468755,-.56980747
955,-5.0041866,-1.5719738,1.6495492,-2.2393143
957,-5.0041866,-1.5719738,-4.4142189,-.30805278
958,-5.0041866,-1.5719738,-8.5717211,-1.0798514
960,-5.0041866,-1.5719738,-4.3206935,-1.2399316
961,-5.0041866,-1.5719738,-4.268425,.27085745
962,-5.0041866,-1.5719738,1.1540953,-.88413078
964,-5.0041866,-1.5719738,-3.1354115,-1.039066
965,-5.0041866,-1.5719738,-.49444595,-1.4292979
966,-5.0041866,-1.5719738,-5.9599524,.87705779
967,-5.0041866,-1.5719738,-3.713845,-.80792177
968,-5.0041866,-1.5719738,-4.0040684,1.0984272
969,-5.0041866,-1.5719738,-3.1966574,.086769111
970,-5.0041866,-1.5719738,-3.6335256,-2.3380654
971,-5.0041866,-1.5719738,-5.4033256,.67533731
973,-5.0041866,-1.5719738,-4.556962,-.12324321
975,-5.0041866,-1.5719738,-8.6415491,-.55081719
976,-5.0041866,-1.5719738,-5.1610975,.1753955
980,-5.0041866,-1.5719738,-7.5074248,.58973271
981,-5.0041866,-1.5719738,1.1098219,-.52865112
982,-5.0041866,-1.5719738,2.3489511,.075910561
985,-5.0041866,-1.5719738,-6.2701125,-1.4440506
988,-5.0041866,-1.5719738,-5.9489365,-.84755099
989,-5.0041866,-1.5719738,-6.3370895,.54598236
990,-5.0041866,-1.5719738,-10.988597,-.0035781548
991,-5.0041866,-1.5719738,-5.8407288,-2.1069427
992,-5.0041866,-1.5719738,-12.201797,-.33870625
993,-5.0041866,-1.5719738,-7.0583134,-.37146497
996,-5.0041866,-1.5719738,.24017003,-1.1742567
997,-5.0041866,-1.5719738,-3.3795376,-1.0964508
999,-5.0041866,-1.5719738,-7.7822318,.42176098
1000,-5.0041866,-1.5719738,-5.8706546,-.059580628
1001,-5.0041866,-1.5719738,-5.2061291,1.3272145
1002,-5.0041866,-1.5719738,-1.5654491,-1.3508716
1003,-5.0041866,-1.5719738,-2.3611541,-.24435025
1004,-5.0041866,-1.5719738,-3.0845532,-1.6194986
1009,-5.0041866,-1.5719738,-5.7221789,.21953848
1010,-5.0041866,-1.5719738,-4.7741542,-1.4689577
1013,-5.0041866,-1.5719738,-7.0664873,-3.0912948
1014,-5.0041866,-1.5719738,-2.4350445,-1.3878189
1015,-5.0041866,-1.5719738,-2.3863993,-.0577478
1016,-5.0041866,-1.5719738,-8.7938051,.23350011
1017,-5.0041866,-1.5719738,-8.7466936,-2.1002226
1018,-5.0041866,-1.5719738,-.2775228,.12300099
1019,-5.0041866,-1.5719738,-12.042264,-.6606338
1020,-5.0041866,-1.5719738,-8.7462015,1.0593368
1022,-5.0041866,-1.5719738,-6.2368994,1.2824926
1025,-5.0041866,-1.5719738,-6.3457518,-.26215744
1026,-5.0041866,-1.5719738,-1.2504181,-.61140072
1027,-5.0041866,-1.5719738,-9.387475,-.24841805
1030,-5.0041866,-1.5719738,-14.785876,-1.8056918
1032,-5.0041866,-1.5719738,-.63826424,.96553284
1033,-5.0041866,-1.5719738,-11.080018,2.1315451
1034,-5.0041866,-1.5719738,-7.4010682,.29909223
1035,-5.0041866,-1.5719738,-4.8906174,.25473672
1037,-5.0041866,-1.5719738,-3.5216351,.78952914
1039,-5.0041866,-1.5719738,-1.3668736,-1.833028
1040,-5.0041866,-1.5719738,-8.2102766,.47414979
1041,-5.0041866,-1.5719738,-3.385047,.18508483
1042,-5.0041866,-1.5719738,-2.2309592,-.20042133
1043,-5.0041866,-1.5719738,-2.3581116,-3.9660761
1050,-5.0041866,-1.5719738,1.4532007,-6.0805564
1051,-5.0041866,-1.5719738,-7.0621505,-1.2785832
1052,-5.0041866,-1.5719738,.47428855,-.71512526
1054,-5.0041866,-1.5719738,-7.9566226,.5895108
1056,-5.0041866,-1.5719738,-6.7350011,.70284593
1059,-5.0041866,-1.5719738,-4.2328076,-.16148679
1060,-5.0041866,-1.5719738,-13.303264,-1.1841109
1063,-5.0041866,-1.5719738,1.5530856,-2.6951094
1065,-5.0041866,-1.5719738,-6.9125471,.095079504
1066,-5.0041866,-1.5719738,-4.2176847,-.8881402
1069,-5.0041866,-1.5719738,-9.5134296,1.6008518
1070,-5.0041866,-1.5719738,-7.5120702,-.45396566
1072,-5.0041866,-1.5719738,-10.850758,-.66291928
1073,-5.0041866,-1.5719738,-8.1692181,.56881124
1074,-5.0041866,-1.5719738,11.549615,-2.6918848
1075,-5.0041866,-1.5719738,-6.6253991,-2.087606
1076,-5.0041866,-1.5719738,-2.2744102,-.88555634
1077,-5.0041866,-1.5719738,-.18958291,-1.6472979
1078,-5.0041866,-1.5719738,4.1437349,-1.0064931
1079,-5.0041866,-1.5719738,-10.49542,.61320472
1080,-5.0041866,-1.5719738,-3.5624335,-1.3798896
1081,-5.0041866,-1.5719738,-5.8485837,-.29842854
1082,-5.0041866,-1.5719738,-11.748254,.33792922
1083,-5.0041866,-1.5719738,-12.846725,-.17905796
1084,-5.0041866,-1.5719738,-5.8126154,-3.3649564
1085,-5.0041866,-1.5719738,-1.5778778,-.13127331
1086,-5.0041866,-1.5719738,-17.200111,-.95690399
1087,-5.0041866,-1.5719738,-15.268046,-2.0684566
1088,-5.0041866,-1.5719738,-9.2587452,.24589142
1089,-5.0041866,-1.5719738,-4.6199355,-1.4735191
1094,-5.0041866,-1.5719738,-15.027453,-1.0823302
1098,-5.0041866,-1.5719738,2.3878038,-1.0445267
1101,-5.0041866,-1.5719738,-5.3094492,.51309997
1102,-5.0041866,-1.5719738,-15.13947,.80481148
1108,-5.0041866,-1.5719738,-5.622375,-1.3254158
1110,-5.0041866,-1.5719738,.13685092,-.14322561
1111,-5.0041866,-1.5719738,3.6810567,-5.4172602
1112,-5.0041866,-1.5719738,-.80849022,.96014273
1114,-5.0041866,-1.5719738,-3.4816225,-.1456563
1115,-5.0041866,-1.5719738,-6.7508969,.21736197
1116,-5.0041866,-1.5719738,-10.442977,.61578697
1124,-5.0041866,-1.5719738,-20.068058,.26853925
1127,-5.0041866,-1.5719738,.49943289,-2.464884
1128,-5.0041866,-1.5719738,4.511663,-.7917977
1129,-5.0041866,-1.5719738,-15.889065,1.04141
1131,-5.0041866,-1.5719738,-.65435123,-2.5591588
1134,-5.0041866,-1.5719738,-5.1317854,1.1224366
1135,-5.0041866,-1.5719738,-2.5100372,.018348623
1137,-5.0041866,-1.5719738,-5.5138621,.34669685
1138,-5.0041866,-1.5719738,-5.5534449,-.057498481
1139,-5.0041866,-1.5719738,-2.9085264,-3.7161005
1140,-5.0041866,-1.5719738,-8.9694891,.328125
1143,-5.0041866,-1.5719738,-4.4140429,-.89714175
1144,-5.0041866,-1.5719738,.80748975,-.74596697
1145,-5.0041866,-1.5719738,-.16604522,.13313383
1146,-5.0041866,-1.5719738,-9.4284945,-.58964604
1147,-5.0041866,-1.5719738,-2.6942611,-.50570089
1149,-5.0041866,-1.5719738,-7.1791778,-.24918845
1151,-5.0041866,-1.5719738,.78940725,1.0131066
1152,-5.0041866,-1.5719738,-14.431114,-.39643753
1153,-5.0041866,-1.5719738,7.2991595,-2.8424513
1155,-5.0041866,-1.5719738,-4.1235862,-.13291132
1158,-5.0041866,-1.5719738,-6.559607,-.28759566
1159,-5.0041866,-1.5719738,6.4483256,-3.1690896
1160,-5.0041866,-1.5719738,-8.5047741,-3.3111451
1162,-5.0041866,-1.5719738,-.89236099,.36342448
1163,-5.0041866,-1.5719738,-2.0796456,-1.1530632
1171,-5.0041866,-1.5719738,1.5482273,-.7852385
1173,-5.0041866,-1.5719738,-2.7444377,-1.3787715
1175,-5.0041866,-1.5719738,-2.6272774,-.17413755
1176,-5.0041866,-1.5719738,-20.34507,-1.2585348
1178,-5.0041866,-1.5719738,-6.2125087,-.28191984
1179,-5.0041866,-1.5719738,-8.3480043,-.10299172
1182,-5.0041866,-1.5719738,3.1801105,-1.4402394
1183,-5.0041866,-1.5719738,-3.3102968,.38843516
1184,-5.0041866,-1.5719738,2.0340774,-1.0297744
1185,-5.0041866,-1.5719738,-7.2081437,-.42162269
1186,-5.0041866,-1.5719738,1.4074932,-.43242857
1187,-5.0041866,-1.5719738,-.43954456,.018023374
1189,-5.0041866,-1.5719738,.86217135,-.091934048
1191,-5.0041866,-1.5719738,-19.887169,2.5891407
1193,-5.0041866,-1.5719738,1.0989057,-1.5014584
1199,-5.0041866,-1.5719738,-11.45395,-1.750317
1201,-5.0041866,-1.5719738,.77080351,.75519574
1204,-5.0041866,-1.5719738,-12.73611,1.7745539
1206,-5.0041866,-1.5719738,-2.6067395,1.7327762
1212,-5.0041866,-1.5719738,-4.6526427,-1.4921422
1214,-5.0041866,-1.5719738,5.0834541,-4.3518548
1216,-5.0041866,-1.5719738,-7.4205475,-1.8252519
1218,-5.0041866,-1.5719738,-.29799679,-2.1562278
1221,-5.0041866,-1.5719738,2.0241604,-2.238431
1222,-5.0041866,-1.5719738,-13.362872,-.55622178
1225,-5.0041866,-1.5719738,-6.5865216,.71925712
1228,-5.0041866,-1.5719738,.77151453,.65339404
1230,-5.0041866,-1.5719738,7.0358047,-1.1824222
1232,-5.0041866,-1.5719738,.67532849,-1.0401909
1233,-5.0041866,-1.5719738,6.6237483,-2.1568606
1237,-5.0041866,-1.5719738,1.5478964,-.094524562
1238,-5.0041866,-1.5719738,-17.729959,1.2840767
1241,-5.0041866,-1.5719738,-4.3729601,.44159102
1242,-5.0041866,-1.5719738,3.8405607,-.58430034
1246,-5.0041866,-1.5719738,.94061631,-3.1568842
1249,-5.0041866,-1.5719738,-9.6984529,-2.6594558
1252,-5.0041866,-1.5719738,-2.6349792,.29551077
1254,-5.0041866,-1.5719738,7.8543015,-2.1211617
1257,-5.0041866,-1.5719738,4.3470774,-2.1587119
1260,-5.0041866,-1.5719738,-.46435153,.50825584
1263,-5.0041866,-1.5719738,4.1862025,-.58538038
1269,-5.0041866,-1.5719738,-10.144182,1.1372423
1274,-5.0041866,-1.5719738,-1.4459107,-1.3745244
1275,-5.0041866,-1.5719738,.013711839,-.85147935
1280,-5.0041866,-1.5719738,-1.2357259,.75980437
1283,-5.0041866,-1.5719738,-6.652595,.34380105
1286,-5.0041866,-1.5719738,-1.059683,-.024849851
1287,-5.0041866,-1.5719738,-5.3590083,.35320413
1292,-5.0041866,-1.5719738,-1.7338518,.91912806
1300,-5.0041866,-1.5719738,-6.4903235,-.094500974
1302,-5.0041866,-1.5719738,-10.097415,-.56354946
1304,-5.0041866,-1.5719738,3.4820793,-1.7340266
1309,-5.0041866,-1.5719738,-5.1553922,-.03731278
1310,-5.0041866,-1.5719738,-1.3070832,-1.9350402
1313,-5.0041866,-1.5719738,-4.7359324,-3.6738157
1317,-5.0041866,-1.5719738,1.9608587,-1.6198604
1320,-5.0041866,-1.5719738,-2.9280105,-5.0846682
1321,-5.0041866,-1.5719738,-.10388596,-1.7508467
1323,-5.0041866,-1.5719738,-16.348406,.48939377
1325,-5.0041866,-1.5719738,7.8072567,-2.998688
1327,-5.0041866,-1.5719738,-9.6309967,1.1900376
1334,-5.0041866,-1.5719738,-2.4460187,-.90582603
1340,-5.0041866,-1.5719738,-2.2523935,-1.302875
1342,-5.0041866,-1.5719738,.47217882,-1.1541129
1345,-5.0041866,-1.5719738,1.2213929,-.1026969
1346,-5.0041866,-1.5719738,-5.8439846,1.8149
1348,-5.0041866,-1.5719738,1.7756406,-3.1089687
1349,-5.0041866,-1.5719738,.84314162,-1.3033357
1350,-5.0041866,-1.5719738,-.63497603,-1.2906049
1352,-5.0041866,-1.5719738,-3.9539354,-1.721802
1353,-5.0041866,-1.5719738,-6.8435154,-.890908
1356,-5.0041866,-1.5719738,-.26823598,-1.5726559
1357,-5.0041866,-1.5719738,-7.9932256,-.5516243
1358,-5.0041866,-1.5719738,.015530332,-1.5914927
1359,-5.0041866,-1.5719738,-5.6618686,.72028863
1360,-5.0041866,-1.5719738,-3.750586,-.44865707
1362,-5.0041866,-1.5719738,-23.329428,-1.0758909
1369,-5.0041866,-1.5719738,-10.587615,.41651371
1373,-5.0041866,-1.5719738,6.1587329,-1.4916136
1375,-5.0041866,-1.5719738,-.53925055,-.95457602
1377,-5.0041866,-1.5719738,-1.9642763,-.71250886
1380,-5.0041866,-1.5719738,-16.295324,.54664481
1382,-5.0041866,-1.5719738,.64488864,-.15581253
1383,-5.0041866,-1.5719738,-2.5086846,-.98329169
1385,-5.0041866,-1.5719738,8.3906145,-2.2763064
1390,-5.0041866,-1.5719738,-12.87125,1.245658
1395,-5.0041866,-1.5719738,-2.3646235,-.0062170513
1399,-5.0041866,-1.5719738,-4.6871066,.51619893
1402,-5.0041866,-1.5719738,5.7499328,-.68511403
1403,-5.0041866,-1.5719738,-3.8656831,-.60798335
1406,-5.0041866,-1.5719738,-3.1867628,-1.9204746
1408,-5.0041866,-1.5719738,2.8306024,-2.4289415
1410,-5.0041866,-1.5719738,1.3334559,-1.4540892
1411,-5.0041866,-1.5719738,-1.0749376,-.26365
1412,-5.0041866,-1.5719738,4.8770528,-.84370565
1413,-5.0041866,-1.5719738,.76946527,-2.4665649
1414,-5.0041866,-1.5719738,-7.9197011,-2.83375
1416,-5.0041866,-1.5719738,1.3996035,-2.0859396
1417,-5.0041866,-1.5719738,1.58504,-4.2654333
1419,-5.0041866,-1.5719738,-16.186079,1.3493479
1422,-5.0041866,-1.5719738,-4.8964977,-.58423424
1423,-5.0041866,-1.5719738,8.506876,-2.2266502
1425,-5.0041866,-1.5719738,.97178894,.94264567
1432,-5.0041866,-1.5719738,-1.4201725,-1.0201205
1433,-5.0041866,-1.5719738,-1.8948603,-1.1515708
1434,-5.0041866,-1.5719738,-3.8243721,-1.0626985
1436,-5.0041866,-1.5719738,2.6302106,-1.2838751
1442,-5.0041866,-1.5719738,3.5970354,.12183136
1445,-5.0041866,-1.5719738,2.9631176,-2.5459666
1457,-5.0041866,-1.5719738,-2.3735356,-2.1326602
1459,-5.0041866,-1.5719738,1.1123912,1.2547988
1460,-5.0041866,-1.5719738,-6.337903,.48957878
1461,-5.0041866,-1.5719738,-27.606098,1.448289
1469,-5.0041866,-1.5719738,.80773604,-1.8022468
1473,-5.0041866,-1.5719738,-3.8975909,-.61888939
1475,-5.0041866,-1.5719738,-5.4949875,-.49024832
1476,-5.0041866,-1.5719738,-.017068284,.61073881
1479,-5.0041866,-1.5719738,-4.8692594,-2.2233746
1480,-5.0041866,-1.5719738,2.1361408,-.28479746
1483,-5.0041866,-1.5719738,-1.9054686,-1.8526548
1489,-5.0041866,-1.5719738,.74743068,-3.0445938
1490,-5.0041866,-1.5719738,-7.1775088,1.1537818
1491,-5.0041866,-1.5719738,.66943771,.90350455
1493,-5.0041866,-1.5719738,-3.4275756,-.69075346
1494,-5.0041866,-1.5719738,7.4034848,-1.1422033
1495,-5.0041866,-1.5719738,1.1968805,-1.4190669
1496,-5.0041866,-1.5719738,-18.796499,-.54275483
1499,-5.0041866,-1.5719738,1.2649935,-1.8807367
1500,-5.0041866,-1.5719738,-2.8679981,-1.2346095
1502,-5.0041866,-1.5719738,-1.1165708,-.91277802
1507,-5.0041866,-1.5719738,5.053329,.46715698
1510,-5.0041866,-1.5719738,-1.5909334,-1.561797
1515,-5.0041866,-1.5719738,1.0150915,.15255383
1519,-5.0041866,-1.5719738,-3.9840562,-1.1687609
1534,-5.0041866,-1.5719738,1.7381427,-3.2508392
1539,-5.0041866,-1.5719738,4.2012558,-1.9622829
1541,-5.0041866,-1.5719738,-2.8276913,-2.5524628
1543,-5.0041866,-1.5719738,.92733294,-.80760884
1548,-5.0041866,-1.5719738,-1.9982735,-.94319946
1556,-5.0041866,-1.5719738,-4.3659782,.35818201
1558,-5.0041866,-1.5719738,-9.8254824,.58337665
1570,-5.0041866,-1.5719738,-14.373752,2.1036797
33,-5.0041866,-1.5719738,6.03544,-1.6600848
588,-5.0041866,-1.5719738,4.8191214,-1.2124574
764,-5.0041866,-1.5719738,3.6342454,-.13588716
820,-5.0041866,-1.5719738,2.2966435,-2.0984054
836,-5.0041866,-1.5719738,-2.7884271,-1.8984635
1012,-5.0041866,-1.5719738,-4.891408,-2.9385355
1058,-5.0041866,-1.5719738,-1.6091722,-.19547488
1200,-5.0041866,-1.5719738,.032744214,-2.2158134
1294,-5.0041866,-1.5719738,2.8616567,-1.9646281
1366,-5.0041866,-1.5719738,4.201633,-.041783147
1426,-5.0041866,-1.5719738,2.0767472,-1.5766423
1458,-5.0041866,-1.5719738,2.4757521,-1.4062023
1463,-5.0041866,-1.5719738,4.6974225,-1.8925647
1505,-5.0041866,-1.5719738,2.8455656,-1.837768
1577,-5.0041866,-1.5719738,6.5860629,-1.4934585
1593,-5.0041866,-1.5719738,2.001523,-.64042485
1626,-5.0041866,-1.5719738,-10.700073,1.2269938
1630,-5.0041866,-1.5719738,9.5916729,.17514004
797,-5.0041866,-1.5719738,3.8701143,.4416756
821,-5.0041866,-1.5719738,3.32812,.2771045
823,-5.0041866,-1.5719738,9.6426268,-2.4277451
1005,-5.0041866,-1.5719738,-.98178047,-1.5850397
1132,-5.0041866,-1.5719738,-.29963392,-.99836898
1133,-5.0041866,-1.5719738,.34781203,-2.2851553
1239,-5.0041866,-1.5719738,3.5743954,-1.2162142
735,-5.0041866,-1.5719738,-2.4338059,-.7275154
750,-5.0041866,-1.5719738,4.0597873,-2.2664232
780,-5.0041866,-1.5719738,-13.87408,-.58473426
804,-5.0041866,-1.5719738,-3.1175992,-.10972104
914,-5.0041866,-1.5719738,-.40842593,-.0881835
986,-5.0041866,-1.5719738,.88664532,-.16517384
1370,-5.0041866,-1.5719738,2.1551616,-1.6241639
1394,-5.0041866,-1.5719738,2.5494707,-2.1311259
662,-5.0041866,-1.5719738,2.6397865,-.22813755
672,-5.0041866,-1.5719738,6.7770114,-7.0516281
698,-5.0041866,-1.5719738,-.30393159,-1.7699875
782,-5.0041866,-1.5719738,-2.0035217,-.092653416
825,-5.0041866,-1.5719738,6.1839089,-1.4327276
872,-5.0041866,-1.5719738,.29610458,-.36140773
890,-5.0041866,-1.5719738,3.7896864,-.81038678
946,-5.0041866,-1.5719738,1.4788777,-.69574761
949,-5.0041866,-1.5719738,-3.547236,-.92350531
956,-5.0041866,-1.5719738,-4.6672478,-3.8372684
959,-5.0041866,-1.5719738,5.0515757,-1.9660479
963,-5.0041866,-1.5719738,2.7072923,-2.1795056
984,-5.0041866,-1.5719738,-3.0143812,-2.2279603
1006,-5.0041866,-1.5719738,6.8462172,-2.6459675
1021,-5.0041866,-1.5719738,-7.3579226,-3.6157694
1023,-5.0041866,-1.5719738,-.099080734,-1.6886575
1024,-5.0041866,-1.5719738,11.450674,-2.995363
1028,-5.0041866,-1.5719738,-1.5242635,-1.7835617
1029,-5.0041866,-1.5719738,10.649964,-7.5853114
1044,-5.0041866,-1.5719738,6.9203057,-1.0870302
1045,-5.0041866,-1.5719738,4.3522487,-2.3728113
1053,-5.0041866,-1.5719738,7.5445971,-2.5443411
1062,-5.0041866,-1.5719738,2.6737158,-2.4881613
1064,-5.0041866,-1.5719738,.59698004,-1.5124918
1067,-5.0041866,-1.5719738,2.7335851,-2.0305037
1100,-5.0041866,-1.5719738,1.1613818,-2.4931576
1104,-5.0041866,-1.5719738,5.4699707,-2.5694466
1109,-5.0041866,-1.5719738,3.5872781,-2.6781247
1120,-5.0041866,-1.5719738,-2.9577122,-1.4207568
1123,-5.0041866,-1.5719738,4.5590224,-1.1011178
1125,-5.0041866,-1.5719738,7.2544589,-.7095685
1180,-5.0041866,-1.5719738,6.2389398,-3.3249941
1188,-5.0041866,-1.5719738,3.3715432,-.53627348
1194,-5.0041866,-1.5719738,1.0627102,-1.0269587
1202,-5.0041866,-1.5719738,5.9667745,-2.599247
1235,-5.0041866,-1.5719738,1.6919461,-.99407369
1256,-5.0041866,-1.5719738,7.5354137,-3.7437901
1262,-5.0041866,-1.5719738,5.9539385,-2.6086748
1265,-5.0041866,-1.5719738,4.2762423,-2.8185081
1293,-5.0041866,-1.5719738,4.5870848,-2.2015524
1303,-5.0041866,-1.5719738,7.5631704,-3.5295503
1312,-5.0041866,-1.5719738,2.904146,-2.5846424
1333,-5.0041866,-1.5719738,7.9562569,-2.5293531
1365,-5.0041866,-1.5719738,-4.1984076,-2.1694443
1372,-5.0041866,-1.5719738,8.6725903,-.6474582
1374,-5.0041866,-1.5719738,10.383064,-1.929196
1379,-5.0041866,-1.5719738,10.454109,-2.4913828
1389,-5.0041866,-1.5719738,6.7062988,-2.8652055
1392,-5.0041866,-1.5719738,4.2786088,-2.9671373
1397,-5.0041866,-1.5719738,4.0930843,-2.2376561
1409,-5.0041866,-1.5719738,-2.1875021,-2.1677043
1435,-5.0041866,-1.5719738,5.7133918,-1.1908582
1439,-5.0041866,-1.5719738,-10.881952,.60041213
1440,-5.0041866,-1.5719738,6.2728796,-1.3538182
1447,-5.0041866,-1.5719738,3.4404697,-1.2634393
1448,-5.0041866,-1.5719738,2.0803275,-.96037596
1449,-5.0041866,-1.5719738,6.1320338,-2.8313985
1474,-5.0041866,-1.5719738,2.7467527,-1.6581068
1498,-5.0041866,-1.5719738,-2.9172039,.6987375
1503,-5.0041866,-1.5719738,9.7171984,-2.9408038
1516,-5.0041866,-1.5719738,6.4230685,-2.4715219
1105,-5.0041866,-1.5719738,3.3568931,-1.9363627
1536,-5.0041866,-1.5719738,3.5665755,-.23920785
1497,-5.0041866,-1.5719738,4.2065516,-1.0019354
1550,-5.0041866,-1.5719738,4.2646956,-1.8873522
1118,-5.0041866,-1.5719738,-2.0970542,-3.7876675
1330,-5.0041866,-1.5719738,5.6932392,-2.5816596
1215,-5.0041866,-1.5719738,5.1977944,-3.1037149
1391,-5.0041866,-1.5719738,3.9526067,-2.8835263
1547,-5.0041866,-1.5719738,4.3448529,-1.9469227
1571,-5.0041866,-1.5719738,3.9887278,-.37900242
1119,-5.0041866,-1.5719738,1.3906617,.68724078
1092,-5.0041866,-1.5719738,-6.9060531,1.07908
1169,-5.0041866,-1.5719738,3.0413229,-2.0745974
1097,-5.0041866,-1.5719738,1.8113644,-9.7164907
1467,-5.0041866,-1.5719738,9.8554153,-.68823862
1525,-5.0041866,-1.5719738,6.6437702,-2.001873
1529,-5.0041866,-1.5719738,5.4769182,-1.7867633
1559,-5.0041866,-1.5719738,8.7281656,-1.83101
1122,-5.0041866,-1.5719738,4.7704358,-1.2749398
1427,-5.0041866,-1.5719738,1.0944457,-1.9770327
1549,-5.0041866,-1.5719738,4.4357972,-2.706362
1136,-5.0041866,-1.5719738,-1.244221,-4.0535936
1150,-5.0041866,-1.5719738,3.4977725,-2.3696189
1196,-5.0041866,-1.5719738,5.6336532,-2.937439
1270,-5.0041866,-1.5719738,5.2714295,-4.0233407
1165,-5.0041866,-1.5719738,8.0328903,-2.6552613
1167,-5.0041866,-1.5719738,-1.0965501,-2.1749938
1259,-5.0041866,-1.5719738,5.6618261,-.94256216
1482,-5.0041866,-1.5719738,2.7174895,-1.3256745
1604,-5.0041866,-1.5719738,7.8650546,-2.1919272
1456,-5.0041866,-1.5719738,5.9755883,-1.1941297
1454,-5.0041866,-1.5719738,-.73514289,-1.0521336
1587,-5.0041866,-1.5719738,2.6095448,-1.8372386
1670,-5.0041866,-1.5719738,2.560827,-3.723402
1575,-5.0041866,-1.5719738,5.6139174,-2.1569867
1698,-5.0041866,-1.5719738,3.9653401,-.70995176
1705,-5.0041866,-1.5719738,9.0721598,-1.3371537
1747,-5.0041866,-1.5719738,-4.2804418,.84061968
1726,-5.0041866,-1.5719738,10.39432,-4.9538221
1651,-5.0041866,-1.5719738,6.8218122,-1.9785053
1732,-5.0041866,-1.5719738,11.220316,-2.2856917
