destination,DFE_plus1
9,.4847871917012686
15,.4454476453794208
24,.4246608792192418
29,.2489686870809959
30,.2247843640990696
32,.2168503835788544
33,.3666449291876029
34,.3875595915010546
35,.2402429999769623
36,.2590194301263568
37,.1679098175845445
38,.3134773894517396
40,.1723099833748391
41,.1788469115280648
42,.37685253276467
43,.2141067884127243
44,.2142061118918211
45,.2546573080759035
46,.1281472610771825
47,.4106205459848806
48,.173072182476696
49,.4238283219542536
50,.0862640947496694
51,.2280701236199771
52,.2861435922394298
53,.4030788632297168
54,.2238249639599237
55,.1644105876141227
56,.4767013532406794
57,.200613494418944
58,.1216944691277227
59,.2096050548632999
60,.2199381289556708
61,.2531249225372409
62,.389840161798942
63,.3283844660977124
64,.2045129117117452
65,.1581611274115481
66,.1724506557753943
67,.2685509083908812
68,.2414704200570619
69,.1614531559712558
70,.3427770162533275
71,.1339518333818526
72,.1586843063299695
73,.2119494720124618
74,.1334330241881951
75,.1346760398374366
76,.2056507889852496
77,.4388451958619692
78,.1663277637069614
79,.1496301395445523
80,.1905125798209699
81,.1203512126476232
82,.3841910730499211
83,.1805859666250966
84,.0552250535029295
85,.2085631611142913
86,.3307392144706368
87,.0537290652388732
88,.1886431516856366
89,.4332464823416111
90,.1754330481808004
91,.1868893966567594
92,.0707036529377737
93,.1779344724166732
94,.0981078887977969
95,.1524732931160391
96,.1408326066158472
97,.0832719427843324
99,.2014894188625888
100,.2588585141434515
101,.1074086962389101
102,.1038603926040988
103,.2414252266131846
104,.3237258328736167
105,.0827567126869579
106,.2897940278272468
107,.1027908418036131
108,.4389666104373909
109,.1202115093857349
110,.1358196978909137
111,.1769526028113023
112,.3473563949312198
113,.1065753121887814
114,.0849131513470741
115,.1247319110154966
116,.1942361121383127
117,.1698994127627409
118,.0641850789632173
119,.074972811456586
120,.1384517568425084
121,.1135407082237242
122,.0501497680015254
123,.0439657170934381
124,.1771949740925266
125,.2579996362064086
126,.386871701195749
127,.0816766948842738
128,.0600302822061131
129,.215702050766295
130,.1835673687591381
131,.5229309763006594
132,.2451749767887969
133,.1947158312303781
134,.106613223911797
135,.0077030010963867
136,.1126240616536018
137,.1555647091617682
138,.1306351539340242
139,.4594990498449212
140,.0687150749715785
141,.1712080184879582
142,.3054118769406036
143,.0158241450434928
144,.0405752655023081
145,.1397550372078011
146,-.0365317510359324
147,.0818535077059639
148,-.0230365449972037
149,.071360522770828
150,-.0276388842838064
151,-.0186614968872496
152,-.0263118748120926
153,.1876541403244915
154,.052483763304994
155,.0639148434336236
156,-.0519855561942347
157,-.0102873007367886
158,.0577712130533654
159,.0278256213848317
160,-.0072719282103589
161,.0674082866818811
162,-.0264281238748159
163,-.0091800491028738
164,-.0580204522432732
165,-.0241237088217359
166,.0173944801376053
167,.2653893909472047
168,-.0374126277567371
169,.0060868687355607
170,-.0334643126334737
171,-.0372758605096165
172,-.0539707138780038
173,-.0229442124216897
174,.0104909253102702
175,.2026589708120602
176,.0268316893484952
177,-.0748174113838019
178,.0552458199464728
179,.0195622005802133
180,.0784367532836654
181,.0525994827407877
182,-.0511547536001389
183,-.0746395218804759
184,-.07186124904218
185,-.0374999567009676
186,.1337678629475306
187,-.0564831047558652
188,-.0866847602245357
189,-.0077029896475621
190,.1566411285315222
191,-.0354423733569679
192,.11921015762381
193,-.0018283955893273
194,-.022956733578285
195,.2646110878304287
196,.0949318787213169
197,-.0344219657374129
198,-.0773825807612757
199,-.0321827088055939
200,-.0324286617586786
201,.0098212130507857
202,-.0274865312598868
203,.083656428560936
204,-.0608856828344471
205,-.0987500366060145
206,-.0766698650062264
207,-.0492491095243718
208,-.0924114949989864
209,-.0020466821638759
210,.0149440604716364
211,-.102207458914174
212,-.0111208151234527
213,-.0041193893005994
214,-.0950112936551593
215,-.03398610658886
216,-.0658968448686739
217,.0102958054716339
218,.1153405768553672
219,.2616346960963277
220,-.0793952152191646
221,-.0621670611570376
222,.1538588850142108
223,-.0374557382449807
224,.209800521500391
225,-.0445342250097697
226,-.056029215920916
227,-.0193238616862235
228,.193676576787732
229,.1321779237973701
230,-.0983014727932035
231,-.0695420701424317
232,.0708248597515943
233,.3880941399862192
234,-.0896464012856949
235,.1048778518915779
236,.035255267032593
237,.3000591646970807
238,-.0287726445495133
239,-.0461690190706008
240,.2578966825438979
241,.0075210261328292
242,-.0619619915817998
243,-.0530794851724707
244,.1106400353461443
245,-.0115258454209542
246,-.0290000020087256
247,-.0655856724825551
248,-.0003668589897377
249,-.0765245638941677
250,-.0540234725203138
251,-.0762336031949532
252,-.0240957363572527
253,.0146877715439734
254,-.0894608154544734
255,-.1250731343694009
256,.055432850272937
257,.1277788761338559
258,.0081636689779593
259,-.1674040156482979
260,.1573485206631709
261,.19488095521753
262,-.075715013444898
263,-.0219170017539526
264,.243276980792945
265,-.1124688311780694
266,-.0761275096564714
267,.0254980730742454
268,.0116448447271391
269,-.0689428306194539
270,.0833814453017058
271,-.0500897984054335
272,.0391271013845739
273,.4482011733947379
274,-.0216738193916912
275,.1511801604933881
276,.0920421093339267
277,-.0284966290643928
278,-.021806030798781
279,.4144133069898611
280,.4960712038357018
281,-.1146083122134881
282,-.0478173421621763
283,-.1269437084906163
284,-.0766107632638144
285,.1169634569475773
286,-.0017025606352482
287,-.013216968710159
288,.0393646172686006
289,-.1037910195735429
290,.0024751241358674
291,.1301779974015774
292,.2638613338767429
293,-.1304054749285617
294,-.0508983665430963
295,-.1217742616061839
296,-.1134946275476709
297,-.0930835056846364
298,-.0013932850723297
299,-.014733310277451
300,.2146908718099522
301,-.0332553968934861
302,-.0605681941195786
303,-.0223682213380716
304,-.0760482136192164
305,-.0700545174888771
306,.2578555483017931
307,-.1946015209955964
308,-.1869646166316314
309,.1247491394279936
310,-.1096646477018263
311,.1034155180809715
312,-.0632882401328174
313,-.0787288553457333
314,.0567181702561446
315,-.0969943640185331
316,.0511604457699027
317,-.0688528358441018
318,-.1439639569917046
319,-.1079785241174161
320,-.1327564789004027
321,-.070796520699967
322,-.0687268218667706
323,-.0888982064052251
324,-.0895691955715609
325,-.1121825575560382
326,-.0402316196898543
327,-.06623288439672
328,-.1114410210119324
329,.1254255138815726
330,.0280955012759816
331,-.0643741369757728
332,-.001943305087529
333,.1389573174896881
334,.0858800136760775
335,.0285103591677908
336,-.0054475974316673
337,-.0919879695491972
338,-.0562540064540428
339,-.2038670550849215
340,.0031538022260035
341,-.0669097973060716
342,-.0173244981127981
343,-.1744061156167645
344,-.0772791242297293
345,.1901789271013161
346,.0071412660264436
347,-.1166250574822736
348,-.1485598285246026
349,-.0474261035864806
350,.2595583939290633
351,-.0643510589959359
352,-.1045244187091047
353,-.0577653446000059
354,-.100937163433604
355,-.0867386730719556
356,-.0106906810497817
357,-.1426016202272943
358,.1176509315757313
359,-.1612420856125656
360,-.0962442656625507
361,-.0315139360913961
362,-.1231369808184614
363,-.0427870076462626
364,-.0568068113675055
365,-.1147589219063479
366,-.0170687069988795
367,-.1007277409937182
368,-.1647255485330262
369,-.1287974217872954
370,-.1844489382889758
371,-.1976927605694103
372,.0376797744348364
373,-.0639735002668258
374,-.1881871900261573
375,-.1032465728482661
376,-.1762407899260376
377,-.1269547213946404
378,-.1309535285020375
379,-.1299882958876778
380,-.1730772597262346
381,-.1128853959065802
382,-.0048312903482223
383,.1787472177800604
384,.0457954257851026
385,-.1433227584263286
386,-.0626206732694398
387,-.0802728409750252
388,.0546978432680284
389,.2648354711757405
390,-.0898026575223897
391,-.0107686777677994
392,-.0720349165330588
393,.2536301172177692
394,-.0382007693421848
395,-.1240663801297278
396,-.0606328402722614
397,.0477369790145511
398,-.0534520671837639
399,-.1114355241438313
400,-.1360324730993402
401,-.1052940610251582
402,-.2226639111666902
403,.0560110174735334
404,-.1598081006660454
405,-.2421245338049863
406,.0320401508994665
407,-.0448215095227015
408,-.0287668108228094
409,.1214577351506578
410,-.1126910780725902
411,.3661641291670064
412,.010399296309496
413,-.1011808114627246
414,.3894725986269821
415,-.243529626252288
416,-.1008469368757823
417,.0091613727085142
418,.4192106998914726
419,-.1039968484136885
420,-.2027022242657271
421,-.0820824024294222
422,-.0619141327253009
423,-.1428270396704203
424,.1457563428255099
425,-.0712902855151875
426,-.0944336653725809
427,-.0461791355505239
428,.22586096231677
429,.1013903742931333
430,-.0803648184857153
431,-.0607146185883445
432,.3872358479208558
433,-.0905036130897763
434,-.0131886650793474
435,.247687372141785
436,-.027527879751881
437,.0575485900251965
438,.3532406335723087
439,-.227561877026387
440,-.149145162668326
441,-.1708647808963019
442,-.1335904527483991
443,-.0390896453866558
444,-.089161792185552
445,.5594395556511226
446,-.1093528215957656
447,-.1094123074107076
448,-.0877532958524818
449,-.078297724813812
450,-.1476659906830986
451,.1467660626451986
452,.2620963499876612
453,-.0049578122753475
454,-.1317270590939432
455,.1895940326271138
456,-.0010697839374007
457,-.160293422425858
458,-.2096771912355772
459,-.2387272559578904
460,-.1368027328845997
461,-.1849889644078967
462,.0127851607252005
463,.1362913803768656
464,-.0081235431692768
465,-.0884495291864429
466,.3410406487701457
467,-.1537218481353853
468,-.0803272377717507
469,-.2688650096985029
470,-.1653750844706
471,-.0529470543840125
472,.1852068255034696
473,-.1894714928987545
474,-.1999757575975658
475,-.208097616209051
476,-.2015389815218794
477,-.0661139887138713
478,-.2238945340661242
479,-.2525165774547444
480,.0157986367454185
481,-.0906904604712776
482,-.0517773927310599
483,.0566564094432919
484,-.2772471234117594
485,.2106367037911204
486,-.1592481550239448
487,-.2470677340112951
488,-.1506899466860017
489,-.226544166721542
490,.1183756714292755
491,-.0188389743033471
492,-.1310041608529469
493,-.066034133613725
494,-.1920984573943776
495,-.2382956031992802
496,.0208787140184705
497,-.1966894970524894
498,-.215632198721063
499,-.0701645977428613
500,.1491206520548705
501,.6199008327770958
502,-.2582462177294501
503,.3024447752807428
504,-.0870838705448464
505,-.2168121531759648
506,-.2342688415183491
507,.1274465268365482
508,-.1523274607097705
509,.1410954523777455
510,.374839217504855
511,-.121038667983784
512,.5293440099144789
513,-.0378599534760804
514,.2069925854872057
515,.0159254091589638
516,.0047346472652897
517,-.0516998135667052
518,.097174285073193
519,-.0064811664401866
520,-.0609494337424721
521,.0446081238870682
522,-.2261484570335931
523,-.0537260494605739
524,.0883556587685723
525,-.1839253482681182
526,-.137883146418463
527,-.2117544556125988
528,-.1123084011090259
529,-.07351102129057
530,.0059149441228682
531,.1792771747307949
532,-.0744136040968939
533,-.2821905207810715
534,.0281550677704512
535,-.1080751319357177
536,-.0474144677045228
537,-.0941225266973594
538,.0883555223929655
539,-.0106812961541382
540,-.2209421417600538
541,-.1032518945546309
542,.0076401047022605
543,-.0840055733352687
544,-.266396133436803
545,-.0167137696489104
546,-.214671243851017
547,-.1104201680801861
548,-.0949891774424915
549,.0802357562498067
550,-.1077879414028673
551,.2260409433368967
552,-.2522851029830096
553,-.0925519933642151
554,-.0025546520527309
555,.0299992933454606
556,-.21956025056722
557,-.1163073778141174
558,-.0760728961818885
559,-.2445702606526845
560,-.2191735091283726
561,.3508068242936875
562,-.0600000032387461
563,.1453759809453914
564,-.0140979636927292
565,-.0019672513813745
566,-.2405843148455821
567,-.0679456278126352
568,-.0038755208961547
569,-.2399049787930528
570,.2672161387003717
571,-.1854024218024408
572,.0325597517771207
573,-.0643571218022539
574,-.2672158443119673
575,-.0286324595420031
576,-.0969087770052972
577,-.1081849750785974
578,-.2356883263464868
579,-.1130985157701873
580,-.0157662712902649
581,-.006393643257002
582,.0279870757629049
583,-.2093163144908832
584,-.2542157914930052
585,.038001394891582
586,-.0981848451644416
587,-.1338227435683148
588,-.1711130230083779
589,-.0699186933907806
590,-.1915999862270435
591,.0108576848127811
592,.1018118570923055
593,-.2664158955520922
594,-.0289055072367663
595,-.2527029500164079
596,-.2389528288550873
597,-.2821082209804758
598,-.2284346016283454
599,-.2612725310494459
600,-.2636678246685505
601,-.2145161572328434
602,-.2560818829173866
603,-.0938512269841639
604,-.0162369941326034
605,-.1800489594485696
606,-.2631230223753177
607,-.0127911673194195
608,.1834527659710475
609,-.220202472812045
610,-.0758454297062265
611,-.0558406379191811
612,-.00641187826902
613,-.122505386600383
614,-.0123802719713261
615,-.0466965294627596
616,-.0036586099349643
617,-.0640283901064357
618,.0211561901458253
619,.1434718906889181
620,-.2640558052736148
621,-.2392282314602078
622,-.038811342247907
623,.3663700614946712
624,-.0824178821584482
625,-.1068308030637016
626,-.0892408051363576
627,-.1217406716733447
628,.030039091256915
629,-.1752977131211566
630,.0481758482336635
631,-.2133554112179274
632,-.178686837555387
633,-.0433978906621096
634,-.0281933983664478
635,-.1415003308439216
636,.0078634230417253
637,.0601751315132034
638,-.0816620154808003
639,.1138275072872209
640,-.0839197108851212
641,-.029078021634808
642,-.1929313076268697
643,-.2359023494845641
644,-.0459038459795234
645,-.1522867945469557
646,-.0141213839784343
647,-.1290683430655551
648,-.1738416805428122
649,-.1259455346423907
650,-.1150088852837283
651,.1432575613379723
652,-.1090710551174505
653,-.1439980381858619
654,-.1600644780129559
655,-.0163869797320164
656,-.1075890372694276
657,.0865356196782292
658,-.0277609048492013
659,-.2481685243676177
660,-.1778628604374301
661,-.2074972722263833
662,.1274390277205881
663,-.2426992578403785
664,-.1413016961113835
665,-.0735685490860968
666,-.1379394947830651
667,-.1734229609049934
668,-.2304067952214786
669,-.1358930072809133
670,-.0962810137982062
671,-.1714463782734472
672,-.1388859560266382
673,-.1747798246644888
674,-.0812373813293001
675,-.1694702385549114
676,-.2100876075219946
677,.114868038008638
678,-.0681294400614035
679,-.0444198930608569
680,-.1144734045590881
681,-.2271900633141902
682,-.1892712096335012
683,-.1133264327268193
684,-.1910627651661775
685,-.287144457188891
686,-.1764835819947773
687,-.1118777979791464
688,-.156721447521213
689,-.2335113972225564
690,-.0736408121142605
691,.0593211160496286
692,-.0586754540848888
693,-.125416112912183
694,-.1278121880144577
695,-.115459367926065
696,.0092046953801091
697,-.0957315286627697
698,-.2164844408933523
699,-.1540888174101904
700,-.0783197036797764
701,-.1794288502717078
702,.0512580010235007
703,-.0237987255136907
704,.0511436053673878
705,-.2295212090440251
706,-.2398809621440546
707,-.1645381078896415
708,-.0871500463785437
709,-.1556620806149966
710,-.1421229829054743
711,-.1693816194408764
712,-.2233699146642349
713,-.1101116177794355
714,.1697288097287021
715,-.28348780651751
716,-.2383164048902814
717,-.2455247058849143
718,.1867202876099459
719,-.2024813469379441
720,-.1458878392955905
721,-.1628987295114522
722,-.1204235652558611
723,.1428794902918281
724,.1042482617636376
725,-.1660334872504609
726,-.1638569390392582
727,-.2026531606389234
728,.0526881904621183
729,-.1878741674343733
730,-.1616888240918056
731,-.0301819626510236
732,-.0276527821321607
733,-.0778108732871283
734,-.0738623152802829
735,-.1040203784897146
736,-.0570347356164304
737,-.0935728675370423
738,-.1667577613428996
739,-.0496765435652402
740,-.0838151045915593
741,-.1457365493284709
742,-.0411072144492598
743,-.2458488239767467
744,-.0056909636436604
745,-.0679078378598502
746,-.1427741222247471
747,-.072746238133151
748,-.0855058270392553
749,-.2446535394902463
750,-.270997581868041
751,-.15072119418752
752,-.088510049578325
753,-.2917550954527174
754,-.0991786158196617
755,.04955859464294
756,-.0735708672480984
757,-.0234432876478686
758,-.1792031912247272
759,-.2541653496960368
760,-.1248339583444987
761,-.1222031917917461
762,-.2930345359797756
763,-.1367265493730125
764,-.2981880188243376
765,-.1871362554073892
766,-.02950251909522
767,-.2299396306942261
768,-.1209904035547257
769,-.2489439159674617
770,-.1893521421069587
771,-.1478116585681081
772,-.0324850055459499
773,-.0734865857079905
774,-.255021593100382
775,-.2506993517209732
776,-.2779618235688894
777,-.1207716348145187
778,-.1867279465978159
779,-.0536072448996764
780,-.0527998935200146
781,-.2100722262925315
782,-.1601615571970523
783,-.2835591804527479
784,-.0957648107163612
785,-.0903780929859011
786,-.1361940069219231
787,-.0890272552783647
788,-.1585362728034891
789,-.0902052577997374
790,-.2004150213117759
791,-.1714201098927735
792,.0937740647016743
793,-.183931061279077
794,-.290098446091299
795,-.1531035462373156
796,-.0941810287165578
797,.2742426248235242
798,-.1461689854128384
799,-.1975611829476706
800,-.2259489757069838
801,-.2538441610413074
802,-.2392146790636343
803,-.0365756431946631
804,.2531878760416443
805,-.2432210501782183
806,.2188026246709357
807,-.036228969838978
808,-.0925607670200082
809,-.1412797962053186
810,.0868562481236554
811,.092154157886517
812,-.0551632274352596
813,-.0913944217899148
814,-.122319154383729
815,-.0725935959911817
816,-.2481046105188653
817,.050278988256333
818,-.1812772595801279
819,-.1883245104552605
820,-.0577591712415671
821,.2091575868351936
822,-.2273185064027244
823,-.2545970989070212
824,-.2203164912945091
825,-.0636634384062383
826,-.1739678234645053
827,-.0537664161398018
828,-.1005230920169214
829,-.1613814263330927
830,.0332689107466303
831,-.0143179401216295
832,-.0986353852677882
833,-.0581306061565258
834,-.1823362051505705
835,-.2316839794934003
836,-.093518176855091
837,-.2554415373312169
838,-.2669372728785663
839,-.1666609562560127
840,-.2426221824756563
841,-.1351403857359469
842,-.2214553488945979
843,-.0860837974952637
844,-.2161781948427066
845,-.2043348294197041
846,-.2473225015135767
847,-.1486679584722629
848,-.0220200283592494
849,-.1659900895244939
850,-.1700470312774726
851,-.0870502995978046
852,-.0798889483462691
853,-.0725706169980726
854,-.1918370294756335
855,-.2341824143503249
856,-.2674466452449593
857,-.0385751670972356
858,.0271492142659121
859,-.1062302017739342
860,-.2521574232392423
861,-.0537721040388712
862,-.0475893171577482
863,-.0665932296686728
864,-.0918059128511619
865,-.1241165960833797
866,-.2603719112429147
867,-.1252464631622564
868,-.1633772903363533
869,-.1294766526435276
870,-.225686487385404
871,-.0960077271087729
872,-.0239563500176952
873,-.1419633820003749
874,-.0628879314943932
875,-.0414368894952859
876,-.081682794756854
877,-.2161055917486364
878,-.1602189078356417
879,-.2191195097853119
880,-.2248984582088913
881,-.2028092826416718
882,-.1542881501024488
883,-.1211126087607591
884,.0728888773757385
885,-.047717971615246
886,-.1970325248761766
887,-.1756850017830643
888,-.1869332668179337
889,-.1295498239651739
890,-.0545059148724907
891,-.1364774933056195
892,-.2433974610595572
893,-.2478096095192991
894,-.1199787253895638
895,-.0804000227664176
896,-.0640838729268478
897,-.0658218465889195
898,-.2575577681208039
899,-.1310768297530099
900,-.1719241298341994
901,-.0974030576456311
902,.0149331622308211
903,-.101040543930004
904,-.1373207914396163
905,-.1003710446616214
906,-.1218981399458738
907,-.1532924627797376
908,-.0933565972132409
909,-.2528488132419928
910,-.0134400316339362
911,-.1366342076940018
912,.005727325053329
913,-.1316480399904556
914,-.0994364602868401
915,-.1228385567026118
916,-.0045363791373804
917,-.0840943637390986
918,-.118034662917809
919,-.1808656964777656
920,.0446786155086209
921,-.0969619032328009
922,-.0686487605299157
923,.1472004902453191
924,-.0536721840022327
925,-.1754245575724291
926,-.0854613438896719
927,-.0879495174852585
928,-.1750424128856501
929,-.1520679182161943
930,.1059779941974885
931,-.1317918472353806
932,-.1647302385278391
933,-.1326117611217247
934,-.1187280610223039
935,-.1135645892808714
936,-.1911694074107359
937,-.1060617234983201
938,.1418897253435346
939,.0803839793184785
940,-.1750607686414197
941,-.0846803964631732
942,-.0679515194859209
943,-.0867454102953602
944,-.1458491692596469
945,.0253404241523423
946,-.1771527242670711
947,-.0988569094217266
948,-.0443073127800217
949,-.1363868901674723
950,-.2802384666863436
951,-.1295865951018326
952,.0570881755834718
953,-.0514370210494418
954,-.2817907083529968
955,.0248168235888272
956,-.1069640392335868
957,-.1011065426624314
958,-.1257275134747234
959,-.075634663780857
960,-.1459421797133122
961,-.0441729170778072
962,.1204772723776055
963,-.10538664471806
964,-.1205554768526129
965,-.0904888901055047
966,-.2885889406978477
967,-.202977453460271
968,-.1525392858826689
969,-.1875898389033605
970,-.1247502729194772
971,-.1836695002750637
972,-.1638636331976272
973,-.1784450239622933
974,-.2439905876771697
975,-.0865465872012161
976,-.0356935499508749
977,-.1480869597620504
978,-.1048570680185344
979,.010926784985699
980,-.1784501128174384
981,-.2323614347490003
982,-.0886482072040903
983,-.0484368951765542
984,-.1244712676016098
985,-.2714384692273498
986,-.0909331417096155
987,.0948941787783423
988,-.0171231305751647
989,.0944630721922317
990,-.1496128643524033
991,-.2115448678673515
992,.0432363107893447
993,.173770999372147
994,-.2332694411042797
995,.029388336577731
996,.0694861567437208
997,-.1455631141047343
998,-.2269021073890538
999,-.0757774554956834
1000,-.0944448908551353
1001,.0001256030146863
1002,.3537538351538964
1003,-.2405554231684547
1004,.1892678156983113
1005,-.2609583255866859
1006,-.1771847981992457
1007,-.1808190400175596
1008,-.1333473994144938
1009,-.1644767627855607
1010,-.2285769183645876
1011,.1624403559130548
1012,-.0384248718244857
1013,-.0780961114090467
1014,-.1243620693436959
1015,-.1546830244139254
1016,-.245259838038477
1017,-.0764922195627122
1018,-.1135108156870937
1019,-.1733342298600559
1020,-.1706246097015835
1021,-.0408440348284822
1022,-.1151192111586643
1023,-.085133311168454
1024,-.0023316893834689
1025,.0939681796451597
1026,-.1800374684753791
1027,.0141056720595383
1028,-.029987587077975
1029,-.1171257846729018
1030,-.053934767176083
1031,-.1160959837816162
1032,-.1554225962314606
1033,.0874413427124834
1034,-.09088246789716
1035,-.0155559190279522
1036,-.2307172524915521
1037,-.0907682893926005
1038,.1247173871899049
1039,-.0426257732752008
1040,-.0789156124224425
1041,-.1463897619879637
1042,-.0886143661733361
1043,.1009495788477479
1044,-.0200386957228952
1045,.0951592524727423
1046,-.017268100940799
1047,-.0746372033336084
1048,-.2452114391066537
1049,.1284695674579329
1050,-.1418548776135147
1051,-.0606881782342659
1052,-.2568329648178977
1053,.0248666662223399
1054,-.223162896828921
1055,-.02780085885752
1056,.022142292349555
1057,.0564125749220385
1058,-.1271834826297361
1059,.1323650572810648
1060,.0117034045887483
1061,.1997283137488861
1062,-.1157944988445248
1063,-.0980804900146787
1064,.0452685930578845
1065,-.1588170642181291
1066,-.1278176513109486
1067,.1148388884153841
1068,-.1149967116795551
1069,-.0556990357012604
1070,-.1211611966517718
1071,-.2250851256263381
1072,-.0635200583075233
1073,.0092152785280801
1074,-.0963668815108843
1075,-.2576930431032955
1076,-.1945694742161628
1077,-.2025600084557304
1078,-.1670310866131586
1079,.0803029684036313
1080,-.1952583199154883
1081,-.2282135514815155
1082,.2056591632179171
1083,-.0719570636530514
1084,.1501626803651533
1085,-.2461518230710017
1086,-.1947971546438726
1087,-.2024345240847268
1088,-.2041955806980908
1089,-.2131613694369174
1090,-.1527762561033966
1091,-.0870234164241388
1092,-.2411881845559678
1093,-.2307282542909327
1094,-.0495762123958086
1095,-.2383013785897283
1096,-.1564306542660769
1097,.0308938836581486
1098,-.1493765623152052
1099,-.2127190538469684
1100,.1535040421129698
1101,-.1431261633437003
1102,-.1548773880458244
1103,.1481813835477053
1104,-.1897210080178329
1105,-.1958513341837273
1106,-.1795085528341401
1107,-.0916048980546177
1108,-.1603771758827472
1109,-.0911913465914612
1110,.0139929677879219
1111,.0530880225143276
1112,-.1607571047117787
1113,.0154392668300686
1114,-.2082513934153918
1115,.0801265244354381
1116,-.1315698272395727
1117,-.0912501316666647
1118,-.1361122189752498
1119,.0688602304356394
1120,-.1280181302540294
1121,-.0951166221320821
1122,.0534461524219576
1123,.1269555575152688
1124,.0649303860048819
1125,-.0853018828191455
1126,.062067368573179
1127,-.2264768006690006
1128,-.117139422791699
1129,-.1155530796311528
1130,.14992432483618
1131,-.1340838298960592
1132,-.2096310599298793
1133,.0264419186117167
1134,-.2569165187695392
1135,.1167791781486919
1136,.075153668167581
1137,-.1610784431247118
1138,-.1217276453066619
1139,.1087430243655358
1140,.0136136567192229
1141,.2062960138224876
1142,-.1396191525990761
1143,-.1367628131562064
1144,-.0872635197309686
1145,.4426166195567872
1146,-.2254343682760025
1147,-.0098199753341825
1148,-.0909794521181479
1149,-.1280396597417513
1150,-.0981170664931678
1151,-.0396924972515198
1152,-.2590526890083117
1153,-.0456864175027737
1154,-.0233171456635562
1155,-.1223037299628717
1156,.0380358400085584
1157,-.2171057549420556
1158,-.0880576777583551
1159,-.2276774131714351
1160,.0271175578953873
1161,.1799457420910244
1162,-.2082872209897551
1163,-.0733039750800594
1164,-.0827587772603246
1165,-.1262094729976944
1166,.0058251554406248
1167,.0081232397712208
1168,-.06277918881514
1169,-.2197217163618236
1170,.0003424357012509
1171,-.0329598512183061
1172,-.0037133527591014
1173,-.1435702756860168
1174,-.1490187372066548
1175,.0204809625297919
1176,-.0066279077457724
1177,-.1251682772262835
1178,-.2649737008093958
1179,-.1495798876364496
1180,-.1314061926483584
1181,-.1899616356306739
1182,-.0375470136046129
1183,-.138364859098646
1184,-.2621445302049759
1185,-.2339264192622777
1186,.0565719056998174
1187,.0989346430948198
1188,-.164661234075051
1189,-.2021489615385174
1190,-.0663888187733935
1191,-.2168688064271919
1192,-.1176970562685286
1193,.0349560859250843
1194,-.225442423743781
1195,.0466103841842229
1196,-.0906745318372944
1197,-.0994202920755761
1198,-.1224843803314282
1199,.0517366097507694
1200,-.0101276563568117
1201,-.1681837807623221
1202,-.2486878119526069
1203,-.050138212572154
1204,-.0277684865965406
1205,-.1463752079884132
1206,-.0726035623678116
1207,.0294033362857956
1208,-.0573693579002163
1209,-.1112628457658379
1210,-.0868061732804561
1211,-.1441068337917195
1212,-.1209627369608609
1213,-.1208093057405791
1214,-.0801630935715876
1215,.1132870141838735
1216,-.1919819972143048
1217,-.0756277184742559
1218,-.1577890143216821
1219,.3386546611390038
1220,-.1805554810205665
1221,-.0841113483024908
1222,-.2093086223802588
1223,-.0067618131514586
1224,-.07622920267914
1225,-.0376486868349192
1226,.3037967275851213
1227,-.0462355126385307
1228,.0486472566731687
1229,-.1240291815179964
1230,-.0689709011332119
1231,-.0475759830208707
1232,-.1216256624308143
1233,-.1599357590954344
1234,-.1303398070495367
1235,-.2407706584117405
1236,-.2192331108378379
1237,-.1014822211702757
1238,-.2579606928875066
1239,-.1103061550531543
1240,-.2389474655361638
1241,-.2327848970293208
1242,-.2378726823763498
1243,-.2319148278761547
1244,-.2201360986175522
1245,-.2331899742256084
1246,-.2442689803520488
1247,-.2146421830216128
1248,-.2235084820392353
1249,.0110273827036525
1250,.1632679595923355
1251,-.2588193318427282
1252,.098926266424086
1253,.3145904717340167
1254,-.2226184314865626
1255,-.2228653937245601
1256,.2570690074841792
1257,-.0807795260166781
1258,-.0178448689182159
1259,.1823883236436087
1260,-.0246118945970707
1261,-.0834914401181573
1262,-.1197368688547402
1263,-.2192348116950477
1264,-.2285860252701621
1265,-.1876674447026612
1266,-.0654508054475659
1267,.1210920680684116
1268,-.0208905413581422
1269,-.1840993045142655
1270,-.2379673580638322
1271,-.2037887019344758
1272,.1134318895834996
1273,-.1507287099885639
1274,-.071215960955608
1275,.2194424160094751
1276,-.2140546535480518
1277,-.0576436092275607
1278,-.0804046105604855
1279,.1249124595034749
1280,-.1884537345667657
1281,-.0877975345177091
1282,-.0957385663116969
1283,-.1027782178946511
1284,-.2540724577013848
1285,.1254813776776736
1286,-.1912108918895168
1287,-.2219374316182076
1288,-.0949757738830573
1289,.112755769998537
1290,-.1249304473824564
1291,-.0719283087870254
1292,-.1022571552914798
1293,-.0951901578811484
1294,.0027772866052895
1295,-.2233549260509262
1296,.057355603386776
1297,-.2450485785059836
1298,.1944369480668918
1299,-.2474002703689417
1300,.1080694628227956
1301,-.1054160924639182
1302,-.1128919995343723
1303,-.1043995688900485
1304,-.1993908714674517
1305,-.1992783675376974
1306,-.0504339258014052
1307,-.0452196184255378
1308,-.1174987314488681
1309,-.1028045217761559
1310,-.2312711878840067
1311,.0981250233627963
1312,-.2419674956664865
1313,-.0119944108203346
1314,-.0736924877197905
1315,-.0043133714842814
1316,-.0147061553198663
1317,-.0524722943218847
1318,-.1354822303136729
1319,-.104901043707058
1320,.1035863100495698
1321,-.0631227494915056
1322,-.0677722380750584
1323,-.1036649039516061
1324,-.0469423429933216
1325,-.0679825113185255
1326,-.0352129484463075
1327,-.1977240359409743
1328,-.0684349341811533
1329,-.069462932511969
1330,.0742063886300579
1331,-.2024781064191603
1332,-.0461858285289062
1333,-.0917591877683289
1334,-.2049143269664021
1335,-.0480803064755946
1336,.0624631001872102
1337,-.097733062943092
1338,-.1202682846667004
1339,-.2321682015804414
1340,-.0255536865818973
1341,.1306624076285929
1342,.0811544531393221
1343,-.0063433650414005
1344,-.0329759578599844
1345,-.1042204599801227
1346,.0524123703391253
1347,-.0790963343473412
1348,-.0566197848075963
1349,-.0877098805312199
1350,-.0729931605391431
1351,-.052271086476325
1352,-.0772554284571198
1353,.0726753505485366
1354,.0321463521852986
1355,-.1219303773560818
1356,-.1225645011728879
1357,-.0198195742444399
1358,-.0019052564624993
1359,-.0119263704524733
1360,-.115539613075261
1361,-.0548975083230546
1362,-.0695566937323285
1363,-.000220446483168
1364,-.2069921889573015
1365,-.0306103786803777
1366,-.0036534201029607
1367,-.0650760555337527
1368,.0010536676222102
1369,.0342078593571675
1370,.0623019486073199
1371,.0519734127633895
1372,.0179085411583329
1373,-.0546386421613243
1374,-.0299110275470581
1375,-.0521120514344772
1376,-.1860143743552766
1377,-.1794598349608506
1378,-.0686347407286223
1379,.1397054347722521
1380,.0070461965078081
1381,-.1783009865408269
1382,.1109319973230135
1383,-.1937088370051943
1384,-.1748742453152824
1385,.0746004970412079
1386,-.0819934127386626
1387,-.0127440114780881
1388,-.0284717567181522
1389,.1353717098397721
1390,-.062804268429767
1391,-.0232206684912444
1392,-.0855531061342253
1393,-.0955280319679728
1394,.0464803773337668
1395,-.0512861446990168
1396,-.1664387339824502
1397,.1584064100557295
1398,-.0692779762234362
1399,-.0133624474486304
1400,-.0794909602409551
1401,-.1415215644429492
1402,-.1626935457118121
1403,-.0738775254880764
1404,.1783048700688943
1405,-.0715645898076084
1406,-.0420031205905836
1407,-.0776040718587051
1408,-.0693349848460731
1409,.1785655007297767
1410,-.0463245927606297
1411,-.1192825029800799
1412,.0193894118284524
1413,-.0248610703425739
1414,-.1370002804202665
1415,.098574697451661
1416,-.1792417938983688
1417,-.0994756817948013
1418,-.0317858375608766
1419,-.0035872636184629
1420,-.1542301681288206
1421,-.1113938756060641
1422,-.0715144232785695
1423,.0507621796022757
1424,-.0758959682224613
1425,-.0671422250866067
1426,-.1625184890839088
1427,-.0246045778503317
1428,-.0230126300804217
1429,-.1127098600868296
1430,-.1044360122521502
1431,.0317002891278752
1432,-.126249660405202
1433,.0076402810683901
1434,.0234006461944991
1435,-.0143251510626148
1436,.2891457121586552
1437,-.0877341205792026
1438,-.0695039841281849
1439,-.0910738271758526
1440,-.0530234934704649
1441,-.0648595287814289
1442,-.0045258047470213
1443,-.0786419226904231
1444,.0115089549386576
1445,-.1694123528946074
1446,-.0572151483352934
1447,.0189673236404784
1448,-.0553455143914385
1449,-.0454002799736812
1450,-.0930308341630984
1451,-.0462196691344369
1452,-.0584629877010745
1453,-.0309781227000103
1454,.1754489177287414
1455,-.04058237734098
1456,-.118378863053474
1457,.0383242686747764
1458,-.1206048385069932
1459,-.1050507365308989
1460,-.0604962613888411
1461,-.1133693074065987
1462,-.0434789505609022
1463,.0443320149926603
1464,-.0191452852689856
1465,-.0780330831509058
1466,.0103175099085388
1467,-.0757606069634841
1468,-.0551014827128464
1469,-.0296238675561112
1470,-.0938361458911362
1471,-.0784162201115359
1472,-.0712377424547186
1473,.0956745700936504
1474,.0490087233903823
1475,-.0202640352752668
1476,-.0897176857645008
1477,-.1066030901384329
1478,-.1118618584264948
1479,-.1073705202438033
1480,-.0516839186008814
1481,-.0845295325352349
1482,-.1133719653778135
1483,-.1180221247159848
1484,.176641164886067
1485,-.0806649442305408
1486,-.0980362632524931
1487,-.0714998999700132
1488,-.0693420606202272
1489,-.0194066587571885
1490,-.0254301688436197
1491,-.1308491567288418
1492,.1271107803387877
1493,-.0156690512747335
1494,-.0674170474143061
1495,.1965380659372853
1496,.0341856998231766
1497,.1057643120601898
1498,.1421213350354124
1499,-.0616015903856783
1500,.1429555419457364
1501,-.094220902498092
1502,.0763009572885684
1503,-.1248831463446542
1504,-.0235858169407533
1505,.0800717719572825
1506,.1953400147741388
1507,-.0746108112759812
1508,-.0522326414747396
1509,.1664048247778876
1510,-.0840425680099862
1511,-.0277781580509927
1512,-.130098508192485
1513,.0477169217391243
1514,.0155611491979664
1515,.1740726194484462
1516,-.022268101628309
1517,-.0020933174590438
1518,.0710807178041826
1519,-.0305424309915437
1520,.1537956526114276
1521,-.0821260624424365
1522,.1864652423156956
1523,.2177111482943728
1524,.0649665945290052
1525,-.002135879301053
1526,-.0064990321902956
1527,.1013853669636316
1528,.1499586523282297
1529,-.0464775852368051
1530,.1085508843106495
1531,.0349898346785661
1532,-.0606153321433855
1533,.0717933405106725
1534,.1206643826568903
1535,.1109479886590028
1536,.086212040350819
1537,-.0090870242991765
1538,-.1110968981783088
1539,.1054244985010473
1540,.1166665043626233
1541,.2579459252339409
1542,.1234022505237601
1543,.1268877049441286
1544,.3407733761364518
1545,.1147081251722338
1546,.1179314284592661
1547,.4154837106741803
1548,.1023793708790294
1549,.050814834473648
1550,-.0302835991254667
1551,.1414096192825265
1552,.4610898556674548
1553,.1489237583144115
1554,.1651070265861371
1555,-.1384141220978345
1556,.0066068133082976
1557,.0427259901134048
1558,-.0050054898141541
1559,.002087544556919
1560,.1228300353847094
1561,.0723467850824571
1562,-.0950462737439531
1563,.1539133982321532
1564,-.010991180871386
1565,.1516217375965995
1566,-.032462779017529
1567,-.0089625010233212
1568,.2192446151323026
1569,-.0217721615489879
1570,.0074882731533919
1571,-.0215772696602096
1572,-.0941568824153639
1573,-.1326982892958367
1574,.0198582757804787
1575,-.0106824217413539
1576,.1679108257811043
1577,-.0834730753020085
1578,-.0068311295781589
1579,-.0272588963369934
1580,.0507193698850424
1581,-.1191205986897618
1582,.054748071188534
1583,-.012416999856941
1584,.1875129326754864
1585,.0218933060854936
1586,-.0730570062422884
1587,.0419308166282251
1588,-.0996939029017692
1589,.1332589130947764
1590,.0396757327752212
1591,.0305742713128409
1592,-.1386568202132225
1593,-.0249236663559607
1594,.0374554650334677
1595,-.0349445298392985
1596,.1104771418531253
1597,-.1077053535539743
1598,-.0092487217055775
1599,-.1369209211056446
1600,.0858718592336869
1601,-.024867968047159
1602,.1891334941435203
1603,-.0339202388630242
1604,.058751978513069
1605,-.0079094468998951
1606,-.0574091459983534
1607,.069641910407343
1608,-.0578424503951441
1609,.025104457672528
1610,.0769868650020087
1611,.2176620828922247
1612,-.0865929761596811
1613,-.0004437229819429
1614,.1883092247065244
1615,.0347382650269988
1616,.0750934378993207
1617,.0603794821811239
1618,-.0826840463729659
1619,.1631764893053328
1620,.0513317824709213
1621,.0586792302726153
1622,.0155990905736103
1623,.0685372291172883
1624,.0551178449998302
1625,.0032128213073753
1626,.0978695435003087
1627,.1144522567269135
1628,-.0917949317804721
1629,-.0019023183903064
1630,-.0430402452642809
1631,.0277384219972195
1632,.1247670350072242
1633,.2517604935200714
1634,.1527505176771308
1635,.0260762258810547
1636,.2241530110432121
1637,-.0101324559554254
1638,.154942614637823
1639,.1509834696788622
1640,.1396303875712397
1641,.0483098464144725
1642,.0698455964512399
1643,.0594406952307173
1644,.1483969716392061
1645,.1363082435946728
1646,.2515336236935852
1647,.0710514278018626
1648,.0528496551686586
1649,.0816751249022511
1650,.1840424580099831
1651,.0625789634790859
1652,.2031717641395558
1653,.1262549758274698
1654,.1804638468319182
1655,.1172770838004399
1656,.1703585052070616
1657,.0806085758388186
1658,.0552874352950947
1659,.2032837243679793
1660,.0292905310945967
1661,.0220907611959895
1662,.1939860363543966
1663,.1932322759793227
1664,.1473650412135416
1665,.0843381110074459
1666,.0797207983036379
1667,.2499088840295831
1668,.0998231819387566
1669,.1190794078332242
1670,.0723634009878168
1671,.1558257245559792
1672,.2045120907827565
1673,.1100511066769512
1674,.1779296627296556
1675,.1466763345763312
1676,.0766814761335734
1677,.1747792597949354
1678,.1251623159249649
1679,.4045333919779169
1680,.1406230131195025
1681,.1871688074877198
1682,.2636574548848096
1683,.2012219958921374
1684,.1987656986760016
1685,.1331512254970046
1686,.1476687581786284
1687,.2321539732470045
1688,.1945214732041934
1689,.0937290169228718
1690,.149925161510678
1691,.1357274514789832
1692,.1569741359996838
1693,.1718565579203152
1694,.2422727906788053
1695,.1393400356480226
1696,.190271567853
1697,.2730817780309918
1698,.1528587888514346
1699,.2987662332201692
1700,.1027852975323421
1701,.0593885976425936
1702,.060030159040328
1703,.2974790108599543
1704,.0589369676160349
1705,.0538009381237334
1706,.2986195025503879
1707,.2172611023995458
1708,.1870307183616139
1709,.0789107471027908
1710,.2688799957930634
1711,.1150164045241532
1712,.2473685289307437
1713,.1501269643821385
1714,.1902705046714595
1715,.2229189634061975
1716,.1771265370860231
1717,.2035080811307373
1718,.2204017296302311
1719,.1201628048519987
1720,.3505607687825738
1721,.2966924982262924
1722,.1816061572841795
1723,.1320354088686786
1724,.1615586413502269
1725,.2176903078103542
1726,.2666347320202799
1727,.2777014051918733
1728,.1829478550056312
1729,.2132946232377161
1730,.2425033955577224
1731,.3005001289666562
1732,.3150802083988707
1733,.1376413595422231
1734,.1982579770852687
1735,.2343780578764212
1736,.1832511956977185
1737,.3120843265314031
1738,.2236838625443598
1739,.3107223804701453
1740,.3076315353046882
1741,.2064541476912706
1742,.3255329266367886
1743,.2100630424193413
1744,.2507244006454077
1745,.1656539412675432
1746,.233971549370581
1747,.1724124559949581
1748,.2538368113932551
1749,.2364512930062567
1750,.285291281628418
1751,.3542652685252989
1752,.1505155502780946
1753,.3246703724200971
1754,.2568941895627431
1755,.2159614557852288
1756,.2412789531579096
1757,.2238636869573694
1758,.2084471704310583
1759,.332836382979136
1760,.14293662602587
1761,.3222730355474881
1762,.2485080607130743
1763,.3314171667950533
1764,.3878448466999465
1765,.2037528581389385
1766,.2395252679074025
1767,.2380724710837284
1768,.2240450006852173
1769,.2589109430482519
1770,.1385790244775007
1771,.3534835313325112
1772,.2173868958161033
1773,.2978094215683842
1774,.2348730149059053
1775,.2921863809475755
1776,.35755134700178
1777,.2064945911392251
1778,.199247461223679
1779,.2330491970509815
1780,.2213854263711986
1781,.185138379037942
1782,.2380801259302897
1783,.2126623955346951
1784,.3107995656014349
1785,.2093734431982439
1786,.2805342146071053
1787,.2461573380871663
1788,.2529241977365557
1789,.1074198582273412
1790,.2346247567537512
1791,.3396971330620701
1792,.4004339735490156
1793,.2877606179266658
1794,.3459445598845074
1795,.2947151293777371
1796,.2530746074987344
1797,.3727361995950606
1798,.2488424832635763
1799,.4255196819472952
1800,.3346070409764832
1801,.3100409357722935
1802,.2741833031950026
1803,.394551860823233
1804,.2702716193868848
1805,.3634274245733816
1806,.1665830392527995
1807,.2786139849154986
1808,.2798901363649088
1809,.2628886513614115
1810,.2012548575118394
1811,.1994428160987154
1812,.2444124112161595
1813,.2898002088329684
1814,.3418072916778362
1815,.3401693914408075
1816,.2547321739346654
1817,.4470461192881258
1818,.1880981692691007
1820,.3089153216070197
1821,.2529517520376919
1822,.336180846581095
1823,.2928317721662965
1824,.1694764322353291
1825,.361507795419149
1826,.3283813595373966
1827,.2249657757617583
1828,.307310651710965
1829,.2206500222744416
1830,.2312911314961948
1831,.3143548613281365
1832,.2737053001121683
1833,.2017233995746235
1834,.2692389996446181
1835,.2647596326807885
1836,.1709745656708289
1837,.2401587532963382
1838,.2462158495771579
1839,.3110215281194136
1840,.2072099582494275
1841,.3303684858692858
1842,.2594633645056018
1843,.2045077826634615
1844,.2411855921707374
1845,.5026657051871691
1846,.3602256401475111
1847,.29741667945841
1848,.2500326544607836
1849,.3035929946803503
1850,.2355180509264473
1851,.4213269286533169
1852,.2725550136395019
1853,.2658991204744388
1854,.3027183107276514
1855,.324261896594242
1856,.3920103573445137
1857,.419264581632614
1858,.2264698421157595
1859,.3128586765885039
1860,.3236033308437238
1861,.4495053943532045
1862,.3181128846177995
1863,.5150711240171324
1864,.2520782647277094
1865,.2915845045810595
1866,.3133675579714171
1867,.3685371388169928
1868,.4996416366015323
1869,.2563353555172936
1870,.3085751198856246
1871,.3019398693695672
1872,.2222047939165105
1873,.2324753541722281
1874,.2634634639066246
1875,.236568339115321
1876,.3356712771631495
1877,.2346225386802788
1878,.2432613955573558
1879,.2035749003163298
1880,.271716235321347
1881,.2601094257350907
1882,.3417023768596151
1884,.3253254344437293
1885,.3996982956099404
1886,.3070728352601074
1887,.395033383422697
1889,.3097488661407962
1890,.3739437872945387
1892,.3588899105032872
1893,.3822958242018756
1894,.4260700480996069
1895,.3028465958682511
1896,.4270499911726467
1897,.3207267316670465
1898,.4308385609921171
1900,.4371796476678713
1901,.5627092374809848
1902,.3909163071992355
