destination,DFE,_beta_log_dur
15,1.029756517320211,-2.5468376
24,.9759685627366645,-2.5468376
29,1.308714759317994,-2.5468376
30,.8318270562328952,-2.5468376
32,.8058350810778314,-2.5468376
33,.7578725803153442,-2.5468376
34,.9561496031521364,-2.5468376
35,.8053316554287049,-2.5468376
36,1.3670544666641,-2.5468376
37,-.5289178662438064,-2.5468376
40,.1548256298086841,-2.5468376
41,-.0684690830140967,-2.5468376
42,.563324084124826,-2.5468376
47,1.835726369320849,-2.5468376
48,.4152014899746643,-2.5468376
49,.7829261840678495,-2.5468376
53,1.761856041281161,-2.5468376
55,.3068421333524318,-2.5468376
56,1.603443705874597,-2.5468376
57,.4516759925959407,-2.5468376
58,-.5102295986205255,-2.5468376
60,1.259216042649675,-2.5468376
62,.3366123356472758,-2.5468376
63,.9816489234366308,-2.5468376
64,.485123486104629,-2.5468376
66,.2870408150237176,-2.5468376
67,1.19637979040849,-2.5468376
69,.2095356218772411,-2.5468376
70,.2171833441858032,-2.5468376
72,.0063493307072036,-2.5468376
74,.2616096881026113,-2.5468376
75,-.3388544092444289,-2.5468376
76,.8913721998868066,-2.5468376
77,.5708531279786747,-2.5468376
78,.4026282782524511,-2.5468376
80,.8559142465451031,-2.5468376
81,.0228638981523629,-2.5468376
82,.7553837507846368,-2.5468376
86,1.954641568973936,-2.5468376
87,-1.585329167966177,-2.5468376
88,.5951389073512102,-2.5468376
89,.6569916628738088,-2.5468376
90,.3762805873833374,-2.5468376
91,.8430930719098003,-2.5468376
92,-.6597706799810206,-2.5468376
93,1.267427842519524,-2.5468376
94,-.2117299366874401,-2.5468376
95,.3018760029586606,-2.5468376
96,.206329956733749,-2.5468376
97,-.5593002443650554,-2.5468376
99,1.080012595172684,-2.5468376
100,1.398862596020458,-2.5468376
101,.0886744082380462,-2.5468376
102,.0802485811990134,-2.5468376
104,1.229746000181393,-2.5468376
105,.1266071536176451,-2.5468376
106,1.123928606066608,-2.5468376
107,-1.08377801236224,-2.5468376
108,1.939544869169706,-2.5468376
109,.3938950384467951,-2.5468376
110,-.9195490742668058,-2.5468376
111,.4738994460390955,-2.5468376
112,.8094331779099458,-2.5468376
113,-.3051661793453729,-2.5468376
114,.3304979052821755,-2.5468376
115,.7947561007483449,-2.5468376
116,1.19579925380241,-2.5468376
117,1.381970278749987,-2.5468376
118,.4026081043895583,-2.5468376
119,.028704548082406,-2.5468376
120,1.352584853057626,-2.5468376
121,.4438904991587531,-2.5468376
122,-.3213651695403443,-2.5468376
123,-.4591467063454904,-2.5468376
124,1.075924189801167,-2.5468376
125,1.362324190027606,-2.5468376
126,.6771042393084019,-2.5468376
127,.2391524578903341,-2.5468376
128,-.0680268515242132,-2.5468376
129,1.011400705091707,-2.5468376
130,1.001947664146555,-2.5468376
131,1.572861994033631,-2.5468376
132,1.297416137906715,-2.5468376
133,.868944725810933,-2.5468376
134,.1830683155661632,-2.5468376
135,-.2595608240936368,-2.5468376
136,.4502710953367996,-2.5468376
137,1.330746689946661,-2.5468376
138,.859943478023361,-2.5468376
139,.9678995535938923,-2.5468376
140,.1910807598473716,-2.5468376
141,.6215696951395655,-2.5468376
142,1.155620339261129,-2.5468376
143,-.4764354498947954,-2.5468376
144,-.0938079297413127,-2.5468376
145,.1536203829712675,-2.5468376
146,-1.118340330559828,-2.5468376
147,.4650667707300895,-2.5468376
148,-.8354891624143117,-2.5468376
149,-.1347870724507092,-2.5468376
150,-.8234153466569719,-2.5468376
151,-.5955265968821423,-2.5468376
152,-.7233024205933267,-2.5468376
153,.8019242048541607,-2.5468376
154,.2204271805810561,-2.5468376
155,-.2139162435986749,-2.5468376
156,-1.36025257425374,-2.5468376
157,-.332613403065274,-2.5468376
158,.1408566039014346,-2.5468376
159,-.110513391632109,-2.5468376
160,-.2655516408957333,-2.5468376
161,.0259995057034262,-2.5468376
162,-.9096398017227803,-2.5468376
163,-.3625101446040063,-2.5468376
164,-1.298238257453715,-2.5468376
165,-1.057903001398979,-2.5468376
166,.431562545852948,-2.5468376
167,.9166654806900096,-2.5468376
168,-.6322584354605048,-2.5468376
169,-.1104900729215195,-2.5468376
170,-.3538915931403793,-2.5468376
171,-.9129438127482788,-2.5468376
172,-1.255198531314651,-2.5468376
173,-.5418348523993375,-2.5468376
174,-.2804592377957953,-2.5468376
175,.5769332468439317,-2.5468376
176,-.4006292012306352,-2.5468376
177,-1.888511043439028,-2.5468376
178,-.0801119277042186,-2.5468376
179,-.3943088376620261,-2.5468376
180,1.502673565642928,-2.5468376
181,.0121981240325254,-2.5468376
182,-.9946626748702143,-2.5468376
183,-1.541968493803685,-2.5468376
184,-1.541885026323633,-2.5468376
185,-.7895012744499743,-2.5468376
186,-.7006406965533133,-2.5468376
187,-.918247843999757,-2.5468376
188,-1.604077605641125,-2.5468376
189,.2636913059969984,-2.5468376
190,-.4178763065223052,-2.5468376
191,-.5233230063560012,-2.5468376
192,.4300532692856896,-2.5468376
193,-.6336485286148787,-2.5468376
194,-.0658396814496105,-2.5468376
195,1.213327938532481,-2.5468376
196,.8132266514388471,-2.5468376
197,-.089278023894116,-2.5468376
198,-1.36987304170848,-2.5468376
199,-.4148578687241875,-2.5468376
200,-.6201037184818576,-2.5468376
201,-.1594340410196871,-2.5468376
202,-.1460626262808714,-2.5468376
203,.7905251448976037,-2.5468376
204,-.9923654408052618,-2.5468376
205,-1.26393728626888,-2.5468376
206,-1.285813237858608,-2.5468376
207,-.7994399528433989,-2.5468376
208,-1.507230232896148,-2.5468376
209,-.3510684575081544,-2.5468376
210,-.539961269221876,-2.5468376
211,-1.427239732499205,-2.5468376
212,.2106133611201489,-2.5468376
213,-.0292420262173222,-2.5468376
214,-1.407080176744199,-2.5468376
215,-.7538164603933066,-2.5468376
216,-1.091734433457703,-2.5468376
217,-.3050029675113342,-2.5468376
218,.2418513853387207,-2.5468376
220,-1.135563888742454,-2.5468376
221,-.8732541263094007,-2.5468376
222,.6820538937491958,-2.5468376
223,-.2330841230399614,-2.5468376
224,.7733797954113899,-2.5468376
225,-.7266062462081347,-2.5468376
226,-.2975588499072891,-2.5468376
227,-.4122073019165046,-2.5468376
228,.6357909727605442,-2.5468376
229,.49806400581004,-2.5468376
230,-1.22221277182697,-2.5468376
231,-.9448542728307585,-2.5468376
232,.1169875339155879,-2.5468376
233,2.010361045772297,-2.5468376
234,-1.021555157254236,-2.5468376
235,.5618224336531322,-2.5468376
236,.0399465230516231,-2.5468376
237,1.22200570562037,-2.5468376
238,-.5029611897853002,-2.5468376
239,-.7866458858371614,-2.5468376
240,.8773444304415462,-2.5468376
241,-.7387991125649063,-2.5468376
242,-1.467892291593092,-2.5468376
243,-.7273772689018995,-2.5468376
244,.2976486648361992,-2.5468376
245,.1938474861023831,-2.5468376
246,-1.321063519104672,-2.5468376
247,-.8383418357997728,-2.5468376
248,-.4846669614114503,-2.5468376
249,-1.300452795680397,-2.5468376
250,-.7322494874996721,-2.5468376
251,-1.022315540932045,-2.5468376
252,-.4254307657188067,-2.5468376
253,-.3807009067912644,-2.5468376
254,-2.123263269694271,-2.5468376
255,-1.687110617073616,-2.5468376
256,-.1265280833633565,-2.5468376
257,.3081565351093937,-2.5468376
258,.2981783242863607,-2.5468376
259,-2.003430240382571,-2.5468376
260,.2850511991750423,-2.5468376
261,.3574537920482196,-2.5468376
262,-.930169312061389,-2.5468376
263,-.4529000041589074,-2.5468376
264,.3824855783097768,-2.5468376
265,-1.321473269478039,-2.5468376
266,-.7452460314405458,-2.5468376
267,.3742188542301001,-2.5468376
268,-.2008493480102856,-2.5468376
269,-1.106160735421009,-2.5468376
270,-.0525935249707617,-2.5468376
271,-.5223594723274271,-2.5468376
272,.1992376050389894,-2.5468376
273,1.080044822779164,-2.5468376
274,-.0510467117898636,-2.5468376
275,.4692573274077811,-2.5468376
277,-.7954491792756032,-2.5468376
278,-.8099191353711261,-2.5468376
279,1.001078106548903,-2.5468376
280,1.111569188166287,-2.5468376
281,-1.452166463789735,-2.5468376
282,-.1088721260581219,-2.5468376
283,-1.938385916345386,-2.5468376
284,-1.187062904421091,-2.5468376
285,.0582744016380134,-2.5468376
287,-.4111112715538938,-2.5468376
288,-.2601643695822111,-2.5468376
289,-.6384337050842045,-2.5468376
290,-.2565437119763407,-2.5468376
291,.4603907157216925,-2.5468376
292,1.252676435459929,-2.5468376
293,-1.093273588462925,-2.5468376
294,.1319951684557729,-2.5468376
295,-1.578204272143115,-2.5468376
296,-1.239288339387958,-2.5468376
297,-1.205538212501488,-2.5468376
298,-.6741703353607512,-2.5468376
299,-.1257429275002738,-2.5468376
300,.3362743836488846,-2.5468376
301,-.5247567093846306,-2.5468376
302,-.642984697726976,-2.5468376
303,-.7072997824744445,-2.5468376
304,-1.690604663344351,-2.5468376
305,-.87296936729457,-2.5468376
306,.5588727167088726,-2.5468376
307,-2.59525765196434,-2.5468376
308,-2.39351399277372,-2.5468376
309,.3886080885937677,-2.5468376
310,-1.352274246566777,-2.5468376
311,.4247869611680541,-2.5468376
312,-.867791583695418,-2.5468376
313,-.8529570641107915,-2.5468376
314,.1697359875713395,-2.5468376
315,-.9391942258724971,-2.5468376
316,.4454287529454086,-2.5468376
317,-.8021303227507494,-2.5468376
318,-2.370113430424525,-2.5468376
319,-1.542527018796296,-2.5468376
320,-2.476161374180072,-2.5468376
321,-1.144198361819666,-2.5468376
322,-1.343161810983744,-2.5468376
323,-.8128198713762167,-2.5468376
324,-.9141612281237137,-2.5468376
325,-1.9491546237476,-2.5468376
326,.1422385649208745,-2.5468376
327,-.708730276205276,-2.5468376
328,-1.042237433238551,-2.5468376
329,.3825785802328438,-2.5468376
330,-.0707822225625005,-2.5468376
331,-.716440902223724,-2.5468376
333,.0974722195734358,-2.5468376
334,.4844299905297196,-2.5468376
335,-.1272252365604505,-2.5468376
336,.2730302391467945,-2.5468376
337,-.6220854970599499,-2.5468376
338,-.4214511980216893,-2.5468376
339,-3.153353347265525,-2.5468376
340,-.274945390519327,-2.5468376
341,-.8912894611161184,-2.5468376
343,-1.907746425929015,-2.5468376
344,-.3915098487104938,-2.5468376
345,1.267564214998413,-2.5468376
346,-.083122555176158,-2.5468376
347,-1.238738596140024,-2.5468376
348,-1.443638653376186,-2.5468376
349,-.5962439931876966,-2.5468376
351,-1.313936782767887,-2.5468376
352,-1.241629750223561,-2.5468376
353,-.5338475876579408,-2.5468376
354,-1.056755523587838,-2.5468376
355,-.6561886036467952,-2.5468376
356,-.1511149942725466,-2.5468376
357,-1.737324499846972,-2.5468376
358,.3603556954255594,-2.5468376
359,-1.246666099443597,-2.5468376
360,-1.112077201611309,-2.5468376
362,-1.279681961620893,-2.5468376
363,-.359530718736902,-2.5468376
364,-.2003055821245148,-2.5468376
365,-.9980580185067347,-2.5468376
366,-.1517393815463708,-2.5468376
367,-1.205201813586532,-2.5468376
368,-1.50547218872232,-2.5468376
369,-1.375037751330825,-2.5468376
370,-1.672420366440615,-2.5468376
371,-2.710921196989248,-2.5468376
372,1.06877052708413,-2.5468376
373,-.9613611558064399,-2.5468376
374,-2.26703828215076,-2.5468376
375,-.3346840111992111,-2.5468376
376,-1.475517084440122,-2.5468376
377,-1.359689445025331,-2.5468376
378,-.9584941230037236,-2.5468376
379,-1.01682153727609,-2.5468376
380,-2.487414406514181,-2.5468376
381,-.6429595489872157,-2.5468376
382,-.206792431260985,-2.5468376
383,.345829617159466,-2.5468376
384,-.1879890212122971,-2.5468376
385,-1.759233631833232,-2.5468376
386,-1.12172237200419,-2.5468376
387,-.7726289163966152,-2.5468376
388,.1147459269990814,-2.5468376
389,.4305289730064872,-2.5468376
390,-.8871673144053182,-2.5468376
391,.0150789741757107,-2.5468376
392,-.5684747290772234,-2.5468376
393,.5281154120552091,-2.5468376
394,-.4531347769375312,-2.5468376
395,-.7632245978156701,-2.5468376
396,-.7437030086573654,-2.5468376
397,-.3017740343882573,-2.5468376
398,-.380273883879808,-2.5468376
399,-1.231828745022528,-2.5468376
400,-2.093482278525417,-2.5468376
401,-.5947286058391938,-2.5468376
402,-2.606328523070055,-2.5468376
403,-.2563626934229651,-2.5468376
404,-1.208185344264236,-2.5468376
405,-2.889111824851712,-2.5468376
406,.2400952326665121,-2.5468376
407,-.417086584290524,-2.5468376
409,.2948295106817614,-2.5468376
410,-.425479160151938,-2.5468376
411,1.01431908353327,-2.5468376
412,-.379661650959892,-2.5468376
413,-.724955251758779,-2.5468376
414,.7940275586930656,-2.5468376
415,-2.663258008891371,-2.5468376
416,-.8999567382662602,-2.5468376
418,.9374366076003452,-2.5468376
419,-.8904961290557626,-2.5468376
420,-3.165307630337956,-2.5468376
421,-.6449642816526318,-2.5468376
422,-.3211187845820999,-2.5468376
423,-.9736498318326339,-2.5468376
424,-.263382498887308,-2.5468376
425,-.9605753365443542,-2.5468376
426,-.4787033848122686,-2.5468376
427,-.5030420958263427,-2.5468376
428,.7249116365868307,-2.5468376
429,.1474267769727102,-2.5468376
430,-.5189460899422161,-2.5468376
431,-1.261241226967439,-2.5468376
432,1.320715093734427,-2.5468376
433,-1.531170155540559,-2.5468376
434,-.8825666395024467,-2.5468376
435,.7755200237102489,-2.5468376
436,-1.14856658860775,-2.5468376
437,.1431687150006746,-2.5468376
438,.9654706374452582,-2.5468376
439,-2.595625337276861,-2.5468376
440,-1.955446550649148,-2.5468376
441,-2.396301367546128,-2.5468376
442,-2.194531461033535,-2.5468376
443,-.2898905493974322,-2.5468376
444,-.0230023892157082,-2.5468376
445,1.097294293192183,-2.5468376
446,-1.673649489326079,-2.5468376
447,-.7563673597051903,-2.5468376
448,-.9363331243861328,-2.5468376
449,-1.3606845178707,-2.5468376
450,-2.072996703007552,-2.5468376
451,.2197711944189961,-2.5468376
452,.6127696924183449,-2.5468376
453,.1749750935779982,-2.5468376
454,-1.866086563444555,-2.5468376
455,.3111392768545119,-2.5468376
457,-1.617920900014003,-2.5468376
458,-.8742293311556825,-2.5468376
459,-3.140966310485485,-2.5468376
460,-1.390967675341209,-2.5468376
461,-1.540256240932564,-2.5468376
462,.1400844685323037,-2.5468376
463,.3187445949641546,-2.5468376
464,-.9761209068546725,-2.5468376
465,-1.259763057725383,-2.5468376
466,.7987074394887403,-2.5468376
467,-2.571630064854148,-2.5468376
468,-.5021554477830218,-2.5468376
469,-2.254707039957171,-2.5468376
470,-2.188284526627307,-2.5468376
471,-.5539680292289332,-2.5468376
472,.713059192707466,-2.5468376
473,-2.227784327454093,-2.5468376
474,-2.698228122014235,-2.5468376
475,-2.619266010696346,-2.5468376
476,-2.98115995126457,-2.5468376
478,-3.172084849057752,-2.5468376
479,-3.544551909640086,-2.5468376
480,.461727200576549,-2.5468376
481,-1.376815704908983,-2.5468376
482,-1.108314320368122,-2.5468376
483,.7019412725780405,-2.5468376
484,-4.474403673105157,-2.5468376
486,-1.946613308159451,-2.5468376
487,-4.295610190791033,-2.5468376
488,-1.203853025271925,-2.5468376
489,-3.280177433416195,-2.5468376
490,.4235821688283537,-2.5468376
491,-.2781669515529009,-2.5468376
492,-1.315935356038262,-2.5468376
493,.1078496787886838,-2.5468376
494,-2.366059151471483,-2.5468376
495,-3.471629117525956,-2.5468376
496,-.0144927148108417,-2.5468376
497,-2.088044735493756,-2.5468376
498,-2.323412838563038,-2.5468376
499,-.2400784357551,-2.5468376
500,1.19465708393672,-2.5468376
501,1.297915245151023,-2.5468376
502,-4.262961453213666,-2.5468376
503,.8717839842457853,-2.5468376
504,-.752891251757192,-2.5468376
505,-1.815440871135784,-2.5468376
506,-3.304904285899946,-2.5468376
507,.6563377866882331,-2.5468376
508,-.5446807285081307,-2.5468376
509,1.372728679945096,-2.5468376
510,.9277009174144167,-2.5468376
511,-1.082177930020252,-2.5468376
512,1.150685688428581,-2.5468376
513,-.3490035335597567,-2.5468376
514,.2143150361190127,-2.5468376
515,-.3151589742270892,-2.5468376
516,-.2735977167871115,-2.5468376
517,-.6571174579758509,-2.5468376
518,.85945891633564,-2.5468376
519,-.3902620054186796,-2.5468376
520,.0764521392891606,-2.5468376
521,-.1009985111860305,-2.5468376
522,-2.666469918567679,-2.5468376
523,-.7584874165360517,-2.5468376
524,.0955410004418615,-2.5468376
525,-1.841499421506191,-2.5468376
526,-1.010741832823315,-2.5468376
527,-3.301451587431898,-2.5468376
528,-1.438469749282566,-2.5468376
529,.2770396431402152,-2.5468376
530,-.2764207501838707,-2.5468376
531,.1779439500163941,-2.5468376
532,-.8814805808354196,-2.5468376
533,-4.653407740495661,-2.5468376
534,.3092591567831227,-2.5468376
535,-1.012753380729076,-2.5468376
538,.0598418608807258,-2.5468376
539,-.3132083697784891,-2.5468376
540,-2.067433228294696,-2.5468376
541,-1.217622864872802,-2.5468376
542,-.1984091039216487,-2.5468376
543,-1.042647709345851,-2.5468376
544,-3.694785222727841,-2.5468376
545,-.4063591370016352,-2.5468376
546,-2.018937589151117,-2.5468376
547,-1.55339063020977,-2.5468376
548,-1.293400583402172,-2.5468376
549,.7871281452238323,-2.5468376
550,-1.02876064354428,-2.5468376
551,.6870370846915715,-2.5468376
552,-3.948408697653912,-2.5468376
553,-1.262126327522468,-2.5468376
554,.0804969917202661,-2.5468376
555,-.116778623169455,-2.5468376
556,-3.369452979602054,-2.5468376
557,-1.750429187145302,-2.5468376
558,-.7434969623892154,-2.5468376
559,-3.613744827414358,-2.5468376
560,-2.732318134894954,-2.5468376
561,.7018020109281592,-2.5468376
562,-.422082820881551,-2.5468376
563,.2501632000196912,-2.5468376
564,-.3595213421251608,-2.5468376
565,-.3149732785580217,-2.5468376
566,-2.655765017935592,-2.5468376
567,-.4426204116931097,-2.5468376
568,.0209973251621732,-2.5468376
569,-2.419219730164663,-2.5468376
570,.5948363031066216,-2.5468376
571,-1.385188737249218,-2.5468376
572,.1682089990600011,-2.5468376
573,-.552115791226412,-2.5468376
574,-4.10872138127757,-2.5468376
575,-.2621451637273378,-2.5468376
576,-.6605974240308466,-2.5468376
577,-1.654965098478763,-2.5468376
578,-3.766987742983169,-2.5468376
579,-.6436062423119316,-2.5468376
580,.0041364554278856,-2.5468376
581,-.4357554567996372,-2.5468376
582,-.3729854135072256,-2.5468376
583,-4.238362543626397,-2.5468376
584,-2.880579237672959,-2.5468376
585,.0030456515998521,-2.5468376
586,-.3088288423036029,-2.5468376
587,-1.826879104245978,-2.5468376
588,-2.155136800961622,-2.5468376
589,-.5571190000136176,-2.5468376
591,.1333088409404714,-2.5468376
592,-.3375912961551297,-2.5468376
593,-2.151340533291848,-2.5468376
594,-.3864354118515791,-2.5468376
595,-4.552963941958115,-2.5468376
596,-3.175210976413635,-2.5468376
597,-7.571388325533347,-2.5468376
598,-3.493717013054164,-2.5468376
599,-3.230638224265117,-2.5468376
600,-7.862853731778274,-2.5468376
601,-2.585364529427486,-2.5468376
602,-3.578905725964418,-2.5468376
603,-1.038589412750697,-2.5468376
604,-.5126080847790268,-2.5468376
605,-2.288828948036346,-2.5468376
606,-6.372544043683174,-2.5468376
607,-.2829437271023025,-2.5468376
609,-3.561176726564177,-2.5468376
610,-.881238864814523,-2.5468376
611,-.6469484201825277,-2.5468376
612,-.1140221047144488,-2.5468376
613,-1.075659969453135,-2.5468376
614,.2981088936880373,-2.5468376
615,-.4708975310129052,-2.5468376
616,-.82882856962008,-2.5468376
617,-.3062332531064328,-2.5468376
618,-.2560117796868236,-2.5468376
619,.0609573199750375,-2.5468376
620,-4.301604835502735,-2.5468376
621,-2.4922623740535,-2.5468376
622,-.4946181867945763,-2.5468376
623,1.044109182030958,-2.5468376
624,-.4435484706591742,-2.5468376
625,-1.001122029094839,-2.5468376
626,-.9517919187175176,-2.5468376
627,-1.295685841361587,-2.5468376
628,.37552486134847,-2.5468376
629,-.9400678326311263,-2.5468376
630,-.0274116771582839,-2.5468376
631,-2.823271305699993,-2.5468376
632,-.7775912555180364,-2.5468376
633,-.4873637905945507,-2.5468376
635,-1.439720639689465,-2.5468376
636,.2232538466119915,-2.5468376
638,-.7431457739898747,-2.5468376
639,.2119556216736108,-2.5468376
641,-.4452900370971398,-2.5468376
642,-2.969219389004577,-2.5468376
643,-1.976627390890236,-2.5468376
644,-.5472857265895884,-2.5468376
645,-1.83978140300478,-2.5468376
647,-1.399605450165916,-2.5468376
648,-1.762945051755721,-2.5468376
649,-1.45585982973594,-2.5468376
650,-1.664616980733853,-2.5468376
651,.5886677011416888,-2.5468376
652,-1.396122101669625,-2.5468376
653,-1.791118966073465,-2.5468376
654,-1.557221883074326,-2.5468376
658,-.6785498175150815,-2.5468376
659,-4.873084547246871,-2.5468376
660,-2.034958083402417,-2.5468376
661,-1.659258805668129,-2.5468376
663,-3.004971359411419,-2.5468376
664,-1.116438238143378,-2.5468376
665,-1.036514898407799,-2.5468376
667,-1.072232552503267,-2.5468376
669,-1.679537294342468,-2.5468376
670,-.3497664664051515,-2.5468376
671,-1.212235730523084,-2.5468376
672,-1.460315194451798,-2.5468376
674,-.7047360109518728,-2.5468376
675,-1.976591351740744,-2.5468376
676,-2.353335265024182,-2.5468376
679,-.708460387155857,-2.5468376
680,-1.440944986579038,-2.5468376
681,-3.610601648404851,-2.5468376
682,-1.08487197244034,-2.5468376
683,-1.049082418629632,-2.5468376
684,-2.503414485657779,-2.5468376
685,-5.667246240984904,-2.5468376
687,-1.544602905375566,-2.5468376
688,-2.182853909176905,-2.5468376
690,-1.00138111265148,-2.5468376
691,.0188891050701721,-2.5468376
692,-.5554049489212858,-2.5468376
694,-1.018370878623343,-2.5468376
695,-.3049739686627391,-2.5468376
696,.2642644695196651,-2.5468376
697,-.6438536463086861,-2.5468376
698,-2.876798591407093,-2.5468376
699,-1.521528882497454,-2.5468376
700,-.5834098497662035,-2.5468376
701,-3.060152638556236,-2.5468376
702,.2396934531049419,-2.5468376
703,-.7210139066745268,-2.5468376
704,-.0691789346341543,-2.5468376
705,-2.234797064099082,-2.5468376
706,-2.321300104091801,-2.5468376
707,-1.551402197663196,-2.5468376
708,-1.474475582006466,-2.5468376
709,-1.477058864527111,-2.5468376
710,-1.213068169202885,-2.5468376
711,-1.451501795575275,-2.5468376
712,-2.433196938233967,-2.5468376
713,-.6727129967575292,-2.5468376
714,.336991189499605,-2.5468376
715,-3.220372618307213,-2.5468376
717,-2.597813979523998,-2.5468376
719,-1.765042484254804,-2.5468376
720,-1.764987080686596,-2.5468376
721,-1.063701908639911,-2.5468376
722,-1.325674410337131,-2.5468376
724,.3235452633331566,-2.5468376
725,-1.380482618013774,-2.5468376
726,-1.72469501716276,-2.5468376
727,-2.569640942704462,-2.5468376
728,-.1031434401486331,-2.5468376
729,-1.216153760612918,-2.5468376
730,-1.263911954455769,-2.5468376
731,-.3992874344527672,-2.5468376
732,-.2572432559599391,-2.5468376
733,-.662190168138392,-2.5468376
734,-1.265229647882822,-2.5468376
735,-1.208517361660078,-2.5468376
736,-.6932918428999764,-2.5468376
737,-.9464165445057309,-2.5468376
740,-.5853388111811132,-2.5468376
741,-2.063539614488553,-2.5468376
742,-.4311174582899536,-2.5468376
744,-.5291996636237836,-2.5468376
745,-.0680876586656691,-2.5468376
746,-1.183185858180623,-2.5468376
747,-.8579376199956634,-2.5468376
748,-.6524166211950787,-2.5468376
749,-2.853098355316364,-2.5468376
750,-4.443396967264581,-2.5468376
751,-1.914300734136225,-2.5468376
752,-.3476728291643065,-2.5468376
753,-4.37161074958101,-2.5468376
754,-.8011748555894724,-2.5468376
755,-.2115307980529889,-2.5468376
756,-.4973764361451088,-2.5468376
757,-.4592275787279786,-2.5468376
758,-1.731881333936675,-2.5468376
759,-2.872130539481984,-2.5468376
760,-.9482462809023438,-2.5468376
761,-.3819009259787013,-2.5468376
762,-5.66614302042642,-2.5468376
763,-1.521444317916052,-2.5468376
764,-4.404619677693326,-2.5468376
765,-1.256062889367269,-2.5468376
766,-.2615682156006641,-2.5468376
767,-2.850386640173234,-2.5468376
768,-.9570161716609084,-2.5468376
769,-3.03309333191768,-2.5468376
770,-1.186242374943247,-2.5468376
771,-1.062044625734768,-2.5468376
772,-.3252773490034322,-2.5468376
773,-.7012052537865068,-2.5468376
774,-2.754452416486493,-2.5468376
775,-2.956385671735856,-2.5468376
776,-4.054680276394316,-2.5468376
777,-1.268858824433115,-2.5468376
778,-.8541002726253035,-2.5468376
779,-.4153183568495048,-2.5468376
780,-.6698419984053122,-2.5468376
781,-2.104452275574177,-2.5468376
782,-1.771473640498664,-2.5468376
783,-1.652943709007114,-2.5468376
784,-.5760463901904697,-2.5468376
785,-1.925567638559692,-2.5468376
786,-1.289680145271437,-2.5468376
787,-1.115749974828474,-2.5468376
788,-2.061719747723692,-2.5468376
790,-2.256970318902438,-2.5468376
791,-1.502825432479595,-2.5468376
793,-2.150726126957498,-2.5468376
794,-3.963471140701141,-2.5468376
795,-1.880146964820744,-2.5468376
796,-.7126105279682473,-2.5468376
797,.6132637304483849,-2.5468376
798,-1.779319154461839,-2.5468376
799,-1.065962989846793,-2.5468376
801,-3.687671895491198,-2.5468376
802,-3.327456475758879,-2.5468376
803,-.4582716636272722,-2.5468376
804,.2430060154415502,-2.5468376
806,.8032435393526891,-2.5468376
807,-.2012444318137354,-2.5468376
808,-.7911765450466417,-2.5468376
809,-1.346181682823114,-2.5468376
810,.3870894952615851,-2.5468376
811,-.3324068524935675,-2.5468376
812,-.4443148984480552,-2.5468376
813,-.0017604258475999,-2.5468376
814,-1.07380476582093,-2.5468376
815,-.9186313383633209,-2.5468376
816,-4.216515155673532,-2.5468376
817,-.2479229072328535,-2.5468376
818,-1.071808337058583,-2.5468376
819,-1.301496418718417,-2.5468376
820,-.7565398244248411,-2.5468376
821,-.0876630718276813,-2.5468376
822,-2.797365068636172,-2.5468376
823,-2.935808943683818,-2.5468376
824,-4.616013671266686,-2.5468376
825,-1.170209500304034,-2.5468376
826,-1.048301740971672,-2.5468376
827,-.7573992292172255,-2.5468376
828,-1.285178243512367,-2.5468376
829,-2.073953861408555,-2.5468376
830,-.3799384649924602,-2.5468376
831,-.4979283434471853,-2.5468376
832,-1.306830827677024,-2.5468376
833,-.5578800678043666,-2.5468376
834,-1.553076179671692,-2.5468376
835,-2.942311689888105,-2.5468376
836,-.9021262456566311,-2.5468376
837,-3.80045029345427,-2.5468376
838,-3.57236425096224,-2.5468376
839,-.9268018304253065,-2.5468376
840,-4.545266369216476,-2.5468376
841,-1.341354190906603,-2.5468376
842,-1.743829442310539,-2.5468376
843,-.4599195000785109,-2.5468376
844,-2.414032516261113,-2.5468376
845,-1.759053304290482,-2.5468376
846,-3.20495489127393,-2.5468376
847,-1.496854415451533,-2.5468376
848,.1730334508065458,-2.5468376
849,-1.209323820097779,-2.5468376
850,-1.286820060655093,-2.5468376
851,-.3927429593340047,-2.5468376
852,-.7850939573236768,-2.5468376
853,-.2617401589646005,-2.5468376
854,-2.584775866216154,-2.5468376
855,-3.605081081609027,-2.5468376
856,-8.877951555750968,-2.5468376
857,-.9694711831470072,-2.5468376
858,.1285660659661198,-2.5468376
859,-1.451373427533106,-2.5468376
860,-2.64368393921497,-2.5468376
861,-.4146129963080987,-2.5468376
862,-.9882514599293157,-2.5468376
863,-.5286398960180015,-2.5468376
864,-.6706752777026728,-2.5468376
865,-1.400630487959666,-2.5468376
866,-2.615330648668743,-2.5468376
867,-.8690285578696668,-2.5468376
868,-1.215783549719507,-2.5468376
869,-.9891932801840436,-2.5468376
870,-3.021340692257079,-2.5468376
871,-.6427466923327676,-2.5468376
873,-1.389805004022333,-2.5468376
874,-.6131120727413222,-2.5468376
875,-.646009082792172,-2.5468376
876,-.4781628220323313,-2.5468376
877,-.9466736744315967,-2.5468376
878,-2.056748461469992,-2.5468376
879,-1.52508221854747,-2.5468376
880,-2.550614075196591,-2.5468376
881,-1.625484610455691,-2.5468376
882,-1.150423951661637,-2.5468376
883,-1.084576283387146,-2.5468376
884,-.2043630948814762,-2.5468376
885,-.5141948478457693,-2.5468376
886,-.8963125259100883,-2.5468376
887,-1.105433522646716,-2.5468376
888,-1.787560971726049,-2.5468376
889,-1.006668293697297,-2.5468376
891,-.9908794306837131,-2.5468376
894,-.4066806299810181,-2.5468376
895,-.6252351736516039,-2.5468376
896,-.8471736788853038,-2.5468376
897,.0296038520931046,-2.5468376
898,-2.570914327819595,-2.5468376
899,-.9758374867566827,-2.5468376
900,-1.961806497023548,-2.5468376
901,-.3764731466175931,-2.5468376
903,-.2184578966206885,-2.5468376
904,-1.402627676894286,-2.5468376
905,-.0717624921926584,-2.5468376
906,-1.638873809802426,-2.5468376
907,-1.149811931440858,-2.5468376
908,-1.576428873477542,-2.5468376
909,-3.276208758430272,-2.5468376
910,-.5477136575310614,-2.5468376
911,-1.286389227710363,-2.5468376
912,-.0738202479265805,-2.5468376
913,-1.612918608312996,-2.5468376
914,-.8548903813377916,-2.5468376
915,-1.42500117736478,-2.5468376
916,-.4997536938487772,-2.5468376
917,-1.098972507382946,-2.5468376
918,-1.234497344975154,-2.5468376
919,-2.157929345719897,-2.5468376
920,.1325152308695149,-2.5468376
921,-1.555060060569403,-2.5468376
922,-.400927519988489,-2.5468376
923,.3638371015877183,-2.5468376
924,-.7930921827707124,-2.5468376
925,-.8015948481028038,-2.5468376
926,-1.216801137316314,-2.5468376
927,-.4547136567880257,-2.5468376
928,-1.552906473257306,-2.5468376
929,-2.238076467589388,-2.5468376
931,-1.835721400370456,-2.5468376
932,-1.407124238517069,-2.5468376
936,-.9496482126598663,-2.5468376
937,-1.631834076939258,-2.5468376
939,.3595873962823342,-2.5468376
941,-.67090017747513,-2.5468376
942,-.691558107283714,-2.5468376
943,-.3710660305630971,-2.5468376
944,-.6367110957296157,-2.5468376
945,-.0522397963006724,-2.5468376
946,-2.032563685863278,-2.5468376
947,-.9820085495789193,-2.5468376
948,-.3824109318703265,-2.5468376
949,-1.558005443772823,-2.5468376
950,-2.209922434701388,-2.5468376
951,-.4183666707809643,-2.5468376
952,.667030373093954,-2.5468376
953,-.5888177698892659,-2.5468376
954,-2.827992702590998,-2.5468376
955,-.0350084997049495,-2.5468376
957,-1.482610231991137,-2.5468376
958,-1.445023330143182,-2.5468376
960,-1.098662897912013,-2.5468376
962,.1339805472352736,-2.5468376
963,-.381261346528767,-2.5468376
964,-.3330758132626563,-2.5468376
965,-.9646456624773579,-2.5468376
967,-2.380103130142347,-2.5468376
969,-2.002910499675123,-2.5468376
971,-1.157538147485281,-2.5468376
972,-1.116529239238515,-2.5468376
973,-5.54518601890648,-2.5468376
974,-2.583524779163997,-2.5468376
976,-.428090585254896,-2.5468376
978,-1.128286306331605,-2.5468376
979,-.3369170689907396,-2.5468376
980,-.9176350104678029,-2.5468376
981,-2.942635497033795,-2.5468376
982,-.4690656730478118,-2.5468376
983,-.301988425238809,-2.5468376
984,-1.522835133508631,-2.5468376
985,-3.963298081391799,-2.5468376
987,.1382709310141686,-2.5468376
988,-.1340003474575809,-2.5468376
990,-.6302461813248242,-2.5468376
991,-2.343308858388316,-2.5468376
992,.1741625805984971,-2.5468376
994,-1.881082954366153,-2.5468376
995,-.2908031827229295,-2.5468376
996,.4582212117644531,-2.5468376
997,-.9405477672593109,-2.5468376
998,-1.390248806175498,-2.5468376
999,-1.169772577675184,-2.5468376
1000,-1.427482961953346,-2.5468376
1001,.1286328511797931,-2.5468376
1002,.2875116652337523,-2.5468376
1003,-3.32131169455418,-2.5468376
1005,-3.218383464848491,-2.5468376
1006,-2.098539623659212,-2.5468376
1007,-.651513599280434,-2.5468376
1009,-.8107764232969964,-2.5468376
1010,-1.972939589277233,-2.5468376
1011,.2423021519543737,-2.5468376
1012,-.8137719030641798,-2.5468376
1013,-.308823306076334,-2.5468376
1014,-.1660493641662069,-2.5468376
1015,-2.110529633796314,-2.5468376
1016,-4.826587734617029,-2.5468376
1017,-.5616904714515727,-2.5468376
1018,-1.093288374136919,-2.5468376
1019,-.9531019453011217,-2.5468376
1020,-1.144942293485933,-2.5468376
1021,-.5418049288017578,-2.5468376
1022,-1.014634886976471,-2.5468376
1024,-.2630054983469267,-2.5468376
1025,.3162566945743605,-2.5468376
1026,-2.470132933403142,-2.5468376
1027,-.2495164897546001,-2.5468376
1028,-.2888828668715082,-2.5468376
1030,-.1890139553857707,-2.5468376
1032,-1.5629745889108,-2.5468376
1033,-.0709038833643655,-2.5468376
1034,-.8550970022468968,-2.5468376
1035,-.3736557402747462,-2.5468376
1036,-6.53532035833092,-2.5468376
1038,.0655959972980402,-2.5468376
1039,-.0896926915595806,-2.5468376
1040,-.7873534378686419,-2.5468376
1041,-2.091093603518235,-2.5468376
1043,.163065630256708,-2.5468376
1044,-.0340620189984854,-2.5468376
1045,.5281546441455748,-2.5468376
1048,-3.30261396183819,-2.5468376
1049,.2137726223898754,-2.5468376
1050,-1.503611269724956,-2.5468376
1051,-1.15450493615336,-2.5468376
1052,-2.026471003276801,-2.5468376
1053,.0273839677903097,-2.5468376
1054,-4.205240407943784,-2.5468376
1056,-.0576981019075774,-2.5468376
1057,.0916480620554913,-2.5468376
1058,-1.747538641104205,-2.5468376
1059,.3683410860089731,-2.5468376
1060,-.1460308431233636,-2.5468376
1062,-.8711404163524435,-2.5468376
1063,-1.072642031522981,-2.5468376
1065,-2.489470263754543,-2.5468376
1066,-2.264661905355287,-2.5468376
1067,.6764781026040537,-2.5468376
1069,-.2783916271523371,-2.5468376
1070,-1.622124961561442,-2.5468376
1071,-3.158473249808629,-2.5468376
1073,-.2044804217936818,-2.5468376
1074,-.9781586430511177,-2.5468376
1075,-3.213333346917212,-2.5468376
1076,-2.846510282890637,-2.5468376
1077,-2.814122688873876,-2.5468376
1079,.1877458417869379,-2.5468376
1081,-4.333820690420381,-2.5468376
1082,.7973988274872313,-2.5468376
1083,-.3240983392017465,-2.5468376
1084,.4820286385562501,-2.5468376
1085,-3.347358481560829,-2.5468376
1086,-2.963802694121593,-2.5468376
1087,-2.770088227700206,-2.5468376
1089,-2.934573616387556,-2.5468376
1090,-1.567803247412437,-2.5468376
1091,-.8951694159560207,-2.5468376
1092,-3.692434403863185,-2.5468376
1094,-.5360727437589877,-2.5468376
1095,-3.398378902734747,-2.5468376
1097,.1907836931456173,-2.5468376
1098,-.9852110002062285,-2.5468376
1099,-2.875934044483074,-2.5468376
1101,-1.835033487524959,-2.5468376
1102,-1.567752913426589,-2.5468376
1103,.2373855006666881,-2.5468376
1104,-2.589614243114961,-2.5468376
1107,-1.831386830450247,-2.5468376
1108,-3.24050245918554,-2.5468376
1109,-.6855113654751952,-2.5468376
1110,-.4699307346347546,-2.5468376
1113,-.076035930089758,-2.5468376
1116,-1.497069144650447,-2.5468376
1117,-.6494771864201829,-2.5468376
1120,-.5842232568993445,-2.5468376
1121,-1.024899773809484,-2.5468376
1122,.5503894116062593,-2.5468376
1123,.1720724096401495,-2.5468376
1125,-.6019939844091086,-2.5468376
1126,-.0681264878752866,-2.5468376
1128,-2.157051401662747,-2.5468376
1130,.2776060293624453,-2.5468376
1131,-1.924098152139307,-2.5468376
1133,-.0030502841085868,-2.5468376
1134,-4.179415127788777,-2.5468376
1137,-1.025079383100834,-2.5468376
1138,-1.216425388763741,-2.5468376
1140,-.5567266170512883,-2.5468376
1142,-1.92102195103139,-2.5468376
1143,-1.194466337681256,-2.5468376
1144,-.664987074397941,-2.5468376
1146,-4.979937962636734,-2.5468376
1147,.2076304964156364,-2.5468376
1148,-1.135499414216713,-2.5468376
1149,-1.700010910962115,-2.5468376
1150,-1.225225427490681,-2.5468376
1151,-.3799680986362414,-2.5468376
1152,-5.004699949501735,-2.5468376
1153,-.8251466285475233,-2.5468376
1154,-.5191615931116568,-2.5468376
1155,-1.136695564557895,-2.5468376
1156,-.3293350350537949,-2.5468376
1157,-3.452325006628593,-2.5468376
1158,-.8095429014318356,-2.5468376
1159,-6.801470318624616,-2.5468376
1163,-.6601080937508781,-2.5468376
1164,-.9037860563099426,-2.5468376
1165,-1.57779272133225,-2.5468376
1166,-.1480388325011047,-2.5468376
1167,-.5322929143634653,-2.5468376
1169,-4.156209926553845,-2.5468376
1170,.4540532368188155,-2.5468376
1171,-.9104898653156513,-2.5468376
1173,-1.595577808160795,-2.5468376
1175,-.5464117967126747,-2.5468376
1176,-.6305444142969693,-2.5468376
1177,-1.886293324367683,-2.5468376
1178,-5.998187694756074,-2.5468376
1179,-1.766984702332137,-2.5468376
1182,-.2919170369753833,-2.5468376
1183,-1.627357756408151,-2.5468376
1184,-5.198577409264383,-2.5468376
1185,-3.530762133691068,-2.5468376
1187,.0023774143447747,-2.5468376
1190,-.0423431894107209,-2.5468376
1191,-2.936980612048535,-2.5468376
1192,-1.073174788189534,-2.5468376
1193,-.2592055055843804,-2.5468376
1194,-2.796309312718772,-2.5468376
1196,-1.547610100412641,-2.5468376
1197,-1.252687514779733,-2.5468376
1198,-1.653913519014259,-2.5468376
1199,-.1787137403660856,-2.5468376
1200,-.4834783803812152,-2.5468376
1201,-2.435400924767356,-2.5468376
1202,-6.890861241586949,-2.5468376
1205,-1.980613186097399,-2.5468376
1206,-1.061387387171963,-2.5468376
1207,-.2327877105007762,-2.5468376
1208,-.2784887298335571,-2.5468376
1209,-.7121096597001698,-2.5468376
1211,-1.871781614690482,-2.5468376
1212,-1.838476553045365,-2.5468376
1216,-2.558880611733475,-2.5468376
1217,-1.356469513179025,-2.5468376
1218,-1.4740661189576,-2.5468376
1220,-2.17957873425419,-2.5468376
1221,-1.041507660356108,-2.5468376
1225,-.5106779400541341,-2.5468376
1228,-.1365092887767799,-2.5468376
1229,-1.730403834720027,-2.5468376
1230,-1.048653944054074,-2.5468376
1231,-.6669126104083321,-2.5468376
1232,-1.667624915270881,-2.5468376
1233,-1.567228497105424,-2.5468376
1236,-3.004967109464139,-2.5468376
1239,-1.615537350913878,-2.5468376
1240,-3.377980600454128,-2.5468376
1241,-3.072969477690629,-2.5468376
1242,-3.769627935874487,-2.5468376
1243,-3.823942672808894,-2.5468376
1244,-4.716091936575249,-2.5468376
1245,-1.699196668240588,-2.5468376
1246,-3.917962360298204,-2.5468376
1247,-2.860150869243464,-2.5468376
1248,-3.108171459635995,-2.5468376
1249,-.6663275682301525,-2.5468376
1251,-5.792625145102906,-2.5468376
1254,-3.535183160017961,-2.5468376
1255,-3.292109185892549,-2.5468376
1256,.3255789510391981,-2.5468376
1258,-.4725840251495976,-2.5468376
1261,-.9474368398260475,-2.5468376
1263,-2.927997297686502,-2.5468376
1264,-2.576818434136394,-2.5468376
1265,-2.744396032635877,-2.5468376
1267,.1043081570261668,-2.5468376
1270,-4.92089850186194,-2.5468376
1271,-3.073836558391692,-2.5468376
1273,-2.494746853499495,-2.5468376
1276,-2.022444702048332,-2.5468376
1277,-1.166518215923174,-2.5468376
1278,-1.034085581547084,-2.5468376
1279,.3366610315034506,-2.5468376
1280,-2.419134858025785,-2.5468376
1281,-1.55888671578071,-2.5468376
1282,-1.251388587570336,-2.5468376
1283,-1.569218149346645,-2.5468376
1284,-7.389587559386366,-2.5468376
1292,-1.748133991523106,-2.5468376
1294,-.5269533158342669,-2.5468376
1295,-5.046248218036946,-2.5468376
1297,-5.448631972029938,-2.5468376
1298,.5224314392996244,-2.5468376
1299,-6.568263857606397,-2.5468376
1312,-6.223174070856812,-2.5468376
1316,-.5324976306114981,-2.5468376
1318,-2.074601537396956,-2.5468376
1340,-.5379639590730223,-2.5468376
1344,-.7355654615530981,-2.5468376
1347,-1.486018807898886,-2.5468376
1356,-2.044526623310302,-2.5468376
1359,-.6516977261400841,-2.5468376
1360,-1.902852620080028,-2.5468376
1395,-1.217079700520516,-2.5468376
9,.9395609657648329,-2.5468376
68,1.140646030146364,-2.5468376
83,.5643169097391713,-2.5468376
103,1.163494143557909,-2.5468376
537,-.2841424267563658,-2.5468376
590,-3.854113266496704,-2.5468376
634,-.2398682029241939,-2.5468376
637,.1962094513142606,-2.5468376
655,-.0472620954097139,-2.5468376
656,-.3152071433700038,-2.5468376
662,.3688581750093005,-2.5468376
666,-1.13582488379676,-2.5468376
668,-3.688835519406298,-2.5468376
673,-2.129163690112138,-2.5468376
678,-.6107346247671221,-2.5468376
686,-.666250157620508,-2.5468376
739,-.2705534103821787,-2.5468376
872,.188081555481796,-2.5468376
892,-2.643124859149634,-2.5468376
893,-1.270931107838841,-2.5468376
933,-1.642456951348011,-2.5468376
934,-1.043114677213783,-2.5468376
935,-1.171238254074098,-2.5468376
975,-1.110557416455728,-2.5468376
986,-1.472739789683506,-2.5468376
1008,-1.733099890674151,-2.5468376
1031,-1.279534100278567,-2.5468376
1046,-.506904868045649,-2.5468376
1068,-1.961222252953946,-2.5468376
1072,-.5145551320854138,-2.5468376
1160,.20284932326928,-2.5468376
1162,-3.679375255897223,-2.5468376
1181,-2.647723205504883,-2.5468376
1186,-.1196539738721784,-2.5468376
1226,.8149953733752663,-2.5468376
1227,-.5137283428682934,-2.5468376
1235,-3.654532290881956,-2.5468376
1238,-5.30615101307594,-2.5468376
1275,.5741180991991932,-2.5468376
1286,-3.033239067688739,-2.5468376
1289,.3297348893333334,-2.5468376
1291,-.4654362438162584,-2.5468376
1307,-.7909160990887061,-2.5468376
1309,-2.245212458161038,-2.5468376
1311,.0316411500091602,-2.5468376
1314,-1.235298908967872,-2.5468376
1320,.098180198485142,-2.5468376
1324,-.9023642636797977,-2.5468376
1325,-1.214939551797365,-2.5468376
1333,-1.65716778516969,-2.5468376
1337,-1.793216078982497,-2.5468376
1342,-.4600478978493264,-2.5468376
1343,-1.088856449225572,-2.5468376
1352,-2.318787115374254,-2.5468376
1353,-.0794889546686055,-2.5468376
1354,-.9553741221933587,-2.5468376
1358,-1.027276246509397,-2.5468376
1366,-.9639604728209564,-2.5468376
1373,-1.297310264342809,-2.5468376
1374,-.9999111562999395,-2.5468376
1375,-1.082466493308033,-2.5468376
1388,-.8247645730798057,-2.5468376
276,.1774320723476124,-2.5468376
286,-.0377478454188963,-2.5468376
332,.3527823950710194,-2.5468376
342,-.2867924386900959,-2.5468376
361,-.3019628087289919,-2.5468376
408,.0303300930589834,-2.5468376
417,.2672968631381754,-2.5468376
456,.5349327525223085,-2.5468376
477,-.674005632349538,-2.5468376
536,-.1223886539483875,-2.5468376
640,-.926666121369744,-2.5468376
646,-.6446181400384183,-2.5468376
657,.1946553548967149,-2.5468376
677,-.4527645599152293,-2.5468376
792,-.1002011371789373,-2.5468376
800,-3.219065174395935,-2.5468376
805,-3.141146081942875,-2.5468376
890,.1460204277632086,-2.5468376
940,-2.381951953239989,-2.5468376
959,-.816210113473456,-2.5468376
961,-.6784561426729738,-2.5468376
968,-1.728187351228496,-2.5468376
970,-1.232557239392918,-2.5468376
977,-1.651416124540473,-2.5468376
1029,-1.434098148378047,-2.5468376
1037,-1.05673454133161,-2.5468376
1047,-.4727741615859727,-2.5468376
1064,.0734368470937158,-2.5468376
1080,-8.69684261084886,-2.5468376
1096,-2.127576613221479,-2.5468376
1115,.0035199213498921,-2.5468376
1135,-.2584109893339606,-2.5468376
1168,-1.065030579326516,-2.5468376
1204,-.1022362881552364,-2.5468376
1219,1.513772319262572,-2.5468376
1250,1.208372145917482,-2.5468376
1253,.9409641092671254,-2.5468376
1257,-.8406207106683378,-2.5468376
1260,-.0236311384022628,-2.5468376
1269,-5.032141628974173,-2.5468376
1272,.1131745227106918,-2.5468376
1285,-.0550484148355015,-2.5468376
1288,-1.168236281993263,-2.5468376
1290,-1.891539261255564,-2.5468376
1302,-1.583363104960541,-2.5468376
1306,-.5672618552298313,-2.5468376
1308,-1.717959977620778,-2.5468376
1310,-6.652155279731227,-2.5468376
1321,-.8984415687330745,-2.5468376
1323,-1.458925596317503,-2.5468376
1341,.2309887627991534,-2.5468376
1345,-1.65118347598784,-2.5468376
1350,-1.08537051759746,-2.5468376
1355,-2.086416725001175,-2.5468376
1357,-.0159795067360476,-2.5468376
1361,-.1789784602117948,-2.5468376
1404,.7468685002575282,-2.5468376
1409,.7780418769747545,-2.5468376
1423,-.2638348662405425,-2.5468376
1439,-1.867746258087468,-2.5468376
1440,-.8237219436726414,-2.5468376
1474,-.3050013826317631,-2.5468376
38,.7930874656328273,-2.5468376
43,.2893891383455819,-2.5468376
44,1.35638710583074,-2.5468376
45,.8628480041735106,-2.5468376
46,-.4163548500777878,-2.5468376
50,-3.06114720384259,-2.5468376
51,.5028087038477655,-2.5468376
52,1.132149239087006,-2.5468376
54,.5831258713230201,-2.5468376
59,.6773272998844789,-2.5468376
61,.7955942853167116,-2.5468376
65,-.152359293929819,-2.5468376
71,.1721126740761716,-2.5468376
73,.8730381972984322,-2.5468376
79,.9488897101396591,-2.5468376
84,-1.898343052098619,-2.5468376
85,1.15958520013193,-2.5468376
219,1.00722421543691,-2.5468376
350,.6699882979246824,-2.5468376
485,1.29906352002669,-2.5468376
608,.1196622489730757,-2.5468376
689,-4.257480126509165,-2.5468376
693,-.803423196318388,-2.5468376
716,-5.309534748882927,-2.5468376
718,1.061033655857509,-2.5468376
723,-.0136798993136977,-2.5468376
738,-1.390611541180837,-2.5468376
743,-6.473282700748854,-2.5468376
789,-.4764626262146895,-2.5468376
902,.8021965974863958,-2.5468376
930,-.0942345790389076,-2.5468376
938,1.017662200497031,-2.5468376
956,-1.461098242859518,-2.5468376
989,1.298399760795681,-2.5468376
993,.5214093051043407,-2.5468376
1004,.020762824004696,-2.5468376
1023,-1.002900853948729,-2.5468376
1042,-.4296043290087926,-2.5468376
1055,-.6145437285233624,-2.5468376
1061,.7511143508192271,-2.5468376
1078,-2.134046983472742,-2.5468376
1088,-1.758711173395799,-2.5468376
1093,-4.791080637265179,-2.5468376
1100,.8599616616385134,-2.5468376
1105,-2.852625391436527,-2.5468376
1106,-2.844421667292742,-2.5468376
1111,-.0946350920014792,-2.5468376
1112,-2.270950356307337,-2.5468376
1114,-3.466081942359822,-2.5468376
1118,-1.915511941321742,-2.5468376
1119,-.564340284731177,-2.5468376
1124,.1872810316940943,-2.5468376
1127,-5.010288879630316,-2.5468376
1129,-1.40513238951537,-2.5468376
1132,-3.721800260596639,-2.5468376
1136,-.120884525340526,-2.5468376
1139,.6159766292773904,-2.5468376
1141,.1398435399118423,-2.5468376
1145,1.381572865114334,-2.5468376
1161,.3757960781974847,-2.5468376
1172,.0530036353533808,-2.5468376
1174,-.8456485235163319,-2.5468376
1180,-.8742058461971607,-2.5468376
1188,-1.651191755977429,-2.5468376
1189,-3.274960117540578,-2.5468376
1195,.0313841931873194,-2.5468376
1203,-.3394140620077998,-2.5468376
1210,-.963526230470299,-2.5468376
1213,-1.092786905705745,-2.5468376
1214,-.1320550961709865,-2.5468376
1215,1.618071961196278,-2.5468376
1222,-5.527550376219066,-2.5468376
1223,-.6372860739399355,-2.5468376
1224,-.7324317146450687,-2.5468376
1234,-.6630966217763014,-2.5468376
1237,-2.613707229085875,-2.5468376
1252,-.1709520156017484,-2.5468376
1259,.4958372167560397,-2.5468376
1262,-.799746304128323,-2.5468376
1266,-.6336354846693705,-2.5468376
1268,-.3517297684701158,-2.5468376
1274,-.654689559599745,-2.5468376
1287,-6.394105772379027,-2.5468376
1293,-1.217516579012007,-2.5468376
1296,-.1149336609244727,-2.5468376
1300,.392044388915026,-2.5468376
1301,-1.106606149626163,-2.5468376
1303,-1.116797417518232,-2.5468376
1304,-3.688089072220659,-2.5468376
1305,-6.890310047281302,-2.5468376
1313,-.3219492704344983,-2.5468376
1315,-.2690667606721064,-2.5468376
1317,-.6446040997692649,-2.5468376
1319,-1.315920292920714,-2.5468376
1322,-.944541972231236,-2.5468376
1326,-.5977082913797679,-2.5468376
1327,-9.083050452336268,-2.5468376
1328,-.667625738678433,-2.5468376
1329,-.2455970976880668,-2.5468376
1330,1.246019207225946,-2.5468376
1331,-5.905640834994593,-2.5468376
1332,-.6341230827656171,-2.5468376
1334,-8.133980398641196,-2.5468376
1335,-.8930723319643242,-2.5468376
1336,-.1235825115024988,-2.5468376
1338,-1.903259013658954,-2.5468376
1339,-5.659485181506033,-2.5468376
1346,.0886469330846252,-2.5468376
1348,-1.058364504965913,-2.5468376
1349,-1.342763181269195,-2.5468376
1351,-.4474935772967607,-2.5468376
1362,-.8397127628737605,-2.5468376
1363,-.8306269629480192,-2.5468376
1364,-5.555737829015143,-2.5468376
1365,-.2647425026265644,-2.5468376
1367,-1.024122375469143,-2.5468376
1368,.4647167224791497,-2.5468376
1369,-.3710302619199168,-2.5468376
1370,.2549905671710048,-2.5468376
1371,.560001676995782,-2.5468376
1372,-.4378420975305303,-2.5468376
1376,-5.442301154502972,-2.5468376
1377,-4.985853123619293,-2.5468376
1378,-1.041173715888261,-2.5468376
1379,.2202362442601423,-2.5468376
1380,-.426309010827544,-2.5468376
1381,-3.244581213588078,-2.5468376
1382,.4767979858177158,-2.5468376
1383,-8.545460666694176,-2.5468376
1384,-7.289616965056424,-2.5468376
1385,.3245460355099938,-2.5468376
1386,-.6328033426474543,-2.5468376
1387,-.6304115768804232,-2.5468376
1389,.9099633648958447,-2.5468376
1390,-.9287439522345796,-2.5468376
1391,-.9347878078275097,-2.5468376
1392,-1.192041627810518,-2.5468376
1393,-.3634561609950973,-2.5468376
1394,-.6677031709905586,-2.5468376
1396,-4.212481915414156,-2.5468376
1397,.6544552846430405,-2.5468376
1398,-.4674267733458354,-2.5468376
1399,-.0305673001982943,-2.5468376
1400,-1.107957073222227,-2.5468376
1401,-3.740616741560079,-2.5468376
1402,-2.377023141543198,-2.5468376
1403,-1.217773828749678,-2.5468376
1405,-1.246382837839191,-2.5468376
1406,-.9668087316712124,-2.5468376
1407,-1.064129388630961,-2.5468376
1408,-.5804378520573683,-2.5468376
1410,-1.371141366838295,-2.5468376
1411,-1.052430436517941,-2.5468376
1412,-.2070193283784368,-2.5468376
1413,-.8090433282452757,-2.5468376
1414,-5.547607392835893,-2.5468376
1415,.7334102899495512,-2.5468376
1416,-.9863541693273046,-2.5468376
1417,-1.963071547782037,-2.5468376
1418,.2372983801734239,-2.5468376
1419,-.1524995150592567,-2.5468376
1420,-4.611700953398903,-2.5468376
1421,-2.229591404669632,-2.5468376
1422,-1.427846964192097,-2.5468376
1424,-1.26515090843769,-2.5468376
1425,-1.341194846652664,-2.5468376
1426,-.8435503265280822,-2.5468376
1427,-.7086981861146663,-2.5468376
1428,-.95322419600273,-2.5468376
1429,-1.914870923495399,-2.5468376
1430,-.4128226057900075,-2.5468376
1431,.2699521918137618,-2.5468376
1432,-1.922793265648527,-2.5468376
1433,-.5878475376511246,-2.5468376
1434,-.3845229741302437,-2.5468376
1435,-.5579864920046816,-2.5468376
1436,.1205804872283966,-2.5468376
1437,-.8092351579128083,-2.5468376
1438,-.7436711561799118,-2.5468376
1441,-1.471483981977295,-2.5468376
1442,-1.049024005644671,-2.5468376
1443,-.6435119596505084,-2.5468376
1444,-.0075247490073031,-2.5468376
1445,-2.991633750813714,-2.5468376
1446,-1.593049698429991,-2.5468376
1447,-.2307159868535463,-2.5468376
1448,-1.263016306986397,-2.5468376
1449,-1.104143689800444,-2.5468376
1450,-.2084446907817269,-2.5468376
1451,-.7376599842593698,-2.5468376
1452,-.3149774885492369,-2.5468376
1453,-1.330486735175653,-2.5468376
1454,.0870154298536383,-2.5468376
1455,-.6332944082629833,-2.5468376
1456,-1.627087741116029,-2.5468376
1457,.3730293833947842,-2.5468376
1458,-.8252211132367203,-2.5468376
1459,-1.645966719227676,-2.5468376
1460,-.966805978774375,-2.5468376
1461,-1.256044668720987,-2.5468376
1462,-.8025074426247593,-2.5468376
1463,-.7250327888684117,-2.5468376
1464,-1.252892553796818,-2.5468376
1465,-1.216164393366431,-2.5468376
1466,-.7573758983009772,-2.5468376
1467,-1.569764291000718,-2.5468376
1468,-.3741438735800125,-2.5468376
1469,-.4028016867188052,-2.5468376
1470,-1.129207968730002,-2.5468376
1471,.0195365929948608,-2.5468376
1472,-1.126881428933871,-2.5468376
1473,-.1917774638580329,-2.5468376
1475,.013394750866492,-2.5468376
1476,-1.193903680695204,-2.5468376
1477,-.3307049487411813,-2.5468376
1478,-.8375269805181809,-2.5468376
1479,-1.685980543586841,-2.5468376
1480,-.8659770345760024,-2.5468376
1481,-1.135238731697474,-2.5468376
1482,-1.356661990854212,-2.5468376
1483,-.8862454661771557,-2.5468376
1484,.2072510310364625,-2.5468376
1485,-1.607830057531038,-2.5468376
1486,-1.656261277101925,-2.5468376
1487,-1.197624635136508,-2.5468376
1488,-.0960415116710295,-2.5468376
1489,-.4605793869662023,-2.5468376
1490,-.4951931144371264,-2.5468376
1491,-3.161870279741598,-2.5468376
1492,-.1359618923788768,-2.5468376
1493,-.5640917851731831,-2.5468376
1494,-.9637087424645898,-2.5468376
1495,1.130044021558647,-2.5468376
1496,-.4048921241840261,-2.5468376
1497,1.192718755603207,-2.5468376
1498,.3900912253980727,-2.5468376
1499,-.8740340812608138,-2.5468376
1500,-.0419651476997781,-2.5468376
1501,-.4567534577703182,-2.5468376
1502,-.8296391674734711,-2.5468376
1503,-4.463144345887347,-2.5468376
1504,-.3511359114343109,-2.5468376
1505,1.050033109343444,-2.5468376
1506,.5618555471420431,-2.5468376
1507,-1.044888705386134,-2.5468376
1508,-1.492508235741852,-2.5468376
1509,.5545312924294991,-2.5468376
1510,-1.582304211929058,-2.5468376
1511,-.6429814747813689,-2.5468376
1512,-3.148062900782344,-2.5468376
1513,.2655833297117156,-2.5468376
1514,.2135315443132256,-2.5468376
1515,.0311593920083307,-2.5468376
1516,-.6656660108766017,-2.5468376
1517,-.0039950483782652,-2.5468376
1518,.1017332403040942,-2.5468376
1519,-.3092290210869854,-2.5468376
1520,-.3315819941318437,-2.5468376
1521,-3.318954039286493,-2.5468376
1522,.6678430093426216,-2.5468376
1523,-.0045965593287843,-2.5468376
1524,.1016616463529324,-2.5468376
1525,.5195259082944631,-2.5468376
1526,.0246108044851496,-2.5468376
1527,-.1875712578684293,-2.5468376
1528,-.2273961188208808,-2.5468376
1529,-.1988535838644894,-2.5468376
1531,.0469650105482428,-2.5468376
1532,-.6412822899712486,-2.5468376
1533,.971439192963396,-2.5468376
1534,.3371161003489787,-2.5468376
1535,-.0084283048226579,-2.5468376
1536,-.8780184045472534,-2.5468376
1537,.2572217347380186,-2.5468376
1538,-3.455496163180697,-2.5468376
1539,-1.189159121098781,-2.5468376
1540,-.5716870442553427,-2.5468376
1543,.1566447804358845,-2.5468376
1545,-.2722461136029193,-2.5468376
1547,1.133871154280374,-2.5468376
1549,.1283519562031837,-2.5468376
1550,-.590084364851323,-2.5468376
1551,.9391440158704177,-2.5468376
1552,1.122787587747749,-2.5468376
1555,-6.478718900170358,-2.5468376
1556,.1588013876890183,-2.5468376
1557,.4459466620655757,-2.5468376
1558,-.3283170975540929,-2.5468376
1559,-.3651703262792794,-2.5468376
1561,.4219688536213671,-2.5468376
1562,-5.037808502914336,-2.5468376
1563,1.361166372035939,-2.5468376
1564,-.9899587513011378,-2.5468376
1565,1.050805348488833,-2.5468376
1566,-.8722582134627822,-2.5468376
1567,-.6804966413459617,-2.5468376
1568,.3971649974540336,-2.5468376
1569,-1.301301855460872,-2.5468376
1570,-1.063877831416063,-2.5468376
1571,-.9381757204193284,-2.5468376
1572,-2.762244073419768,-2.5468376
1573,-3.574084521178958,-2.5468376
1574,-.2331757242965138,-2.5468376
1575,-1.36513832997965,-2.5468376
1576,.5610225451642069,-2.5468376
1577,-2.789138894278993,-2.5468376
1578,-.6810551509596611,-2.5468376
1579,-1.096895180388875,-2.5468376
1580,.4668315826769025,-2.5468376
1581,-3.172735320323274,-2.5468376
1582,-.8027139542841149,-2.5468376
1583,-1.051040032862732,-2.5468376
1584,.2771132037357138,-2.5468376
1585,-.710532407767888,-2.5468376
1586,-1.059462205714965,-2.5468376
1587,-.2280368523643356,-2.5468376
1588,-2.642340869672879,-2.5468376
1590,-1.093610089493337,-2.5468376
1591,.003933049231404,-2.5468376
1592,-6.502253202087664,-2.5468376
1593,-.9495117511827922,-2.5468376
1594,-.2752468506699955,-2.5468376
1595,-1.448218096484757,-2.5468376
1597,-7.164385212096069,-2.5468376
1598,-1.274593353133632,-2.5468376
1599,-7.022280163427598,-2.5468376
1600,-.3926965160654453,-2.5468376
1601,-1.404315785135972,-2.5468376
1602,.3331355597777539,-2.5468376
1603,-1.323778482984349,-2.5468376
1604,-.7387822611938626,-2.5468376
1605,-1.292484841355323,-2.5468376
1606,-2.40408035941269,-2.5468376
1607,-.3744522937670037,-2.5468376
1608,-1.114883017637661,-2.5468376
1609,-.7718913705268518,-2.5468376
1610,-.6410441730652666,-2.5468376
1611,1.599603778861741,-2.5468376
1612,-3.147683262912028,-2.5468376
1613,-.8905358443537078,-2.5468376
1614,.2141173091523899,-2.5468376
1615,.0629977497290857,-2.5468376
1616,-.4840884406369854,-2.5468376
1617,-.2570290306460559,-2.5468376
1618,-2.637730864187524,-2.5468376
1619,.0113294486460896,-2.5468376
1620,-.272003007804468,-2.5468376
1621,-.9010466319593309,-2.5468376
1622,-.6130744208232212,-2.5468376
1623,-.4368883929042908,-2.5468376
1624,-.4807957843748621,-2.5468376
1625,-1.700624707340896,-2.5468376
1626,.3487313035701505,-2.5468376
1627,.0166723458103363,-2.5468376
1628,-6.080111648932198,-2.5468376
1629,-.8841118367436054,-2.5468376
1630,-2.409401742871288,-2.5468376
1631,-1.014569799164937,-2.5468376
1632,-.1064478100842119,-2.5468376
1633,1.371513591846835,-2.5468376
1635,-1.2108709137475,-2.5468376
1636,.4918640428177899,-2.5468376
1637,-1.468409014650191,-2.5468376
1638,.224104538500448,-2.5468376
1640,-.0500632983581241,-2.5468376
1641,-.2418355816161752,-2.5468376
1642,-.3797377945655167,-2.5468376
1643,-.0578624604983314,-2.5468376
1644,.7949914038192568,-2.5468376
1645,1.026601176149039,-2.5468376
1647,-.5153704052990401,-2.5468376
1648,.2180532872319507,-2.5468376
1649,.2377026855804394,-2.5468376
1650,.5531968318281756,-2.5468376
1651,-.2252820686797247,-2.5468376
1652,.2033961530281129,-2.5468376
1654,.6166555250259281,-2.5468376
1655,.5370263927489813,-2.5468376
1656,.5213650621979958,-2.5468376
1657,-.2486920229197195,-2.5468376
1658,-.138317923040474,-2.5468376
1660,-.7186776554122842,-2.5468376
1661,-.5792180457774507,-2.5468376
1664,.0917257956761639,-2.5468376
1665,-.1875911044921385,-2.5468376
1666,-.2299274354415924,-2.5468376
1668,.0761018680024758,-2.5468376
1669,-.3983336135915194,-2.5468376
1670,-.0212722167959217,-2.5468376
1671,.138419443646468,-2.5468376
1672,.8509185543427835,-2.5468376
1674,.6113749389359684,-2.5468376
1675,.1932845131268983,-2.5468376
1676,-.1677396912520127,-2.5468376
1677,.8132878505637453,-2.5468376
1679,1.014552983387787,-2.5468376
1680,.4963742784205921,-2.5468376
1684,.4950770509627928,-2.5468376
1687,1.53927074407832,-2.5468376
1688,.3118075466770044,-2.5468376
1689,-.0372231105378861,-2.5468376
1690,-.7525468120262121,-2.5468376
1693,.0033954268908716,-2.5468376
1695,.1034933219244107,-2.5468376
1698,.7443965226918325,-2.5468376
1700,-.3552882580319491,-2.5468376
1701,-1.079715648921832,-2.5468376
1702,-1.219125656503145,-2.5468376
1704,-.7838188453193669,-2.5468376
1705,-1.209148050285121,-2.5468376
1708,1.220882528825863,-2.5468376
1709,-.9641303886161705,-2.5468376
1711,-.2735857586200435,-2.5468376
1727,1.337122138462416,-2.5468376
1731,1.489521924527995,-2.5468376
1732,2.035040086701712,-2.5468376
1735,.9753394000294786,-2.5468376
1740,1.849992660309335,-2.5468376
1779,1.16508449367854,-2.5468376
1795,1.061488801561452,-2.5468376
1811,.5940437819640777,-2.5468376
1824,-.125528931097405,-2.5468376
1831,.7865684134111056,-2.5468376
1835,.4972127707151199,-2.5468376
1836,-.5686056141411806,-2.5468376
1837,.1614194278229842,-2.5468376
1841,1.128310118783693,-2.5468376
1842,.5581575884360072,-2.5468376
1843,.3115934445067205,-2.5468376
1844,.7265452513551511,-2.5468376
1845,1.29729492590524,-2.5468376
1750,.9738657822202521,-2.5468376
1758,.3665989469806222,-2.5468376
1792,1.365228842503379,-2.5468376
1804,.7028792748307402,-2.5468376
1826,1.444255038337816,-2.5468376
1846,.7702635097862119,-2.5468376
1847,.3244993974222098,-2.5468376
1851,1.231522061069674,-2.5468376
1860,1.42812158520997,-2.5468376
1865,.0612448943075505,-2.5468376
1866,.1957014251884761,-2.5468376
1867,.401593836999952,-2.5468376
1530,-.6136799394897828,-2.5468376
1542,-.4861988973258462,-2.5468376
1544,1.054028566840931,-2.5468376
1546,-.7161524470472597,-2.5468376
1548,-1.040869929529006,-2.5468376
1553,-.1317294505990234,-2.5468376
1554,.182299326543828,-2.5468376
1560,-.4592956891784633,-2.5468376
1589,.2420477128232339,-2.5468376
1596,.3309206307716341,-2.5468376
1634,.0555803908830637,-2.5468376
1639,.5954014376269217,-2.5468376
1646,.7078716628718534,-2.5468376
1653,.1136914216289321,-2.5468376
1659,.7530374827036582,-2.5468376
1662,.2481968983337287,-2.5468376
1663,.6527526219289725,-2.5468376
1667,.744759250264978,-2.5468376
1673,-.6033023703650638,-2.5468376
1678,.2943089808589155,-2.5468376
1682,1.163376452794682,-2.5468376
1683,1.281163913054145,-2.5468376
1685,.0582100852476883,-2.5468376
1691,.4821793739401606,-2.5468376
1692,-.0018494008471117,-2.5468376
1694,.5150903488666903,-2.5468376
1699,.5046593619600381,-2.5468376
1712,.4747310659531915,-2.5468376
1714,.2319254887488597,-2.5468376
1717,.533081504607299,-2.5468376
1719,.0300130558201643,-2.5468376
1722,.0579603940022185,-2.5468376
1802,.3707599405552101,-2.5468376
1809,.1734067748130695,-2.5468376
1814,.6658441500633635,-2.5468376
1817,.9929519362932882,-2.5468376
1541,.8581976518078762,-2.5468376
1706,1.127683858686623,-2.5468376
1707,.1567983590009126,-2.5468376
1710,.4878884613040543,-2.5468376
1713,-.0091585968119956,-2.5468376
1716,.4268574080214454,-2.5468376
1723,-.2971390437729934,-2.5468376
1724,-.2135168610471881,-2.5468376
1737,.7880757300936099,-2.5468376
1768,.3273867294197574,-2.5468376
1770,-.2268585540467517,-2.5468376
1773,.0841754913214259,-2.5468376
1778,.2168902054035318,-2.5468376
1780,.142855088558983,-2.5468376
1782,.3134229367764128,-2.5468376
1787,.9323778067120376,-2.5468376
1788,.4725770526760808,-2.5468376
1789,-.7748376949176259,-2.5468376
1794,.8031051114760098,-2.5468376
1799,.9881389239826378,-2.5468376
1828,.1760699505072417,-2.5468376
1725,1.081681370732862,-2.5468376
1726,.7530813472631788,-2.5468376
1730,.0715099339710913,-2.5468376
1733,.1447849478871712,-2.5468376
1734,.0411280047360305,-2.5468376
1738,.590959515608948,-2.5468376
1741,-.5322533316854381,-2.5468376
1743,.5976241855261337,-2.5468376
1745,1.064154703504465,-2.5468376
1752,.356171532806305,-2.5468376
1754,.9375770818739192,-2.5468376
1760,.155915174258166,-2.5468376
1762,.6273096333285672,-2.5468376
1772,.9521631356909844,-2.5468376
1791,.8166185953567066,-2.5468376
1686,-.3620781817739741,-2.5468376
1696,-.1481640007177934,-2.5468376
1742,.9070390970250398,-2.5468376
1806,.0563149354802358,-2.5468376
1808,.0046518001512232,-2.5468376
1810,-.3835210857752209,-2.5468376
1821,.0638747078881865,-2.5468376
1739,.7519829204758056,-2.5468376
1756,.3180624575843286,-2.5468376
1766,.8972958523985127,-2.5468376
1798,1.773578489001232,-2.5468376
1818,-.5966062682890808,-2.5468376
1834,.6928598331411301,-2.5468376
1840,.266080171545077,-2.5468376
1681,-.0801464429610254,-2.5468376
1728,-.4290678147375285,-2.5468376
1736,-.6772045488488885,-2.5468376
1747,-.9991685734134075,-2.5468376
1753,.9600235099175347,-2.5468376
1781,.8364648461841173,-2.5468376
1703,.5595270241889403,-2.5468376
1720,.8967409298560287,-2.5468376
1815,1.118103090189633,-2.5468376
1823,.6845895370384845,-2.5468376
1839,.7548559315580627,-2.5468376
1858,-.1515652767546176,-2.5468376
1848,-.2719892088785371,-2.5468376
1697,.4064950817155707,-2.5468376
1744,.3667169735004485,-2.5468376
1748,.4331630473120603,-2.5468376
1761,1.043620853091181,-2.5468376
1749,.0913307986781615,-2.5468376
1757,.2438926472936845,-2.5468376
1765,-.0540129037500642,-2.5468376
1864,.246645961434936,-2.5468376
1869,.3613660596841959,-2.5468376
1872,.5736918146599503,-2.5468376
1751,.5819536503303183,-2.5468376
1800,1.711147510509051,-2.5468376
1715,-.4118098987585512,-2.5468376
1746,-.4780304576058469,-2.5468376
1859,.8544877164700777,-2.5468376
1755,-.3542099256213723,-2.5468376
1759,.3528901613172833,-2.5468376
1764,.6660821600996866,-2.5468376
1769,.1045257369027765,-2.5468376
1763,.6714387612652489,-2.5468376
1767,.113927118717459,-2.5468376
1774,-.1151836489480574,-2.5468376
1718,-.5498596626876457,-2.5468376
1771,.9910618024404948,-2.5468376
1777,.102226599216892,-2.5468376
1775,.7507961142627533,-2.5468376
1776,.7107573693280647,-2.5468376
1721,.374457654664562,-2.5468376
1783,-.6755665123428345,-2.5468376
1784,1.070555833652261,-2.5468376
1785,-.0589033183687999,-2.5468376
1786,.3986552642667123,-2.5468376
1873,-.1144206862336973,-2.5468376
1874,-.2563067381333715,-2.5468376
1875,-.0708718261065328,-2.5468376
1796,.9350472067793776,-2.5468376
1803,1.306288454442645,-2.5468376
1807,1.072979523532674,-2.5468376
1729,-.6665576158774429,-2.5468376
1801,1.330589733450017,-2.5468376
1816,-.5195364995229356,-2.5468376
1830,-.4047940804681856,-2.5468376
1832,-.0304609866818806,-2.5468376
1838,.1320449172305024,-2.5468376
1849,.9655872245299044,-2.5468376
1850,-.7834476313579523,-2.5468376
1852,-.3809961848825655,-2.5468376
1853,.0273267298216533,-2.5468376
1854,.16383065532499,-2.5468376
1855,.63392599306106,-2.5468376
1856,.9740049980351729,-2.5468376
1857,1.303094164300803,-2.5468376
1862,1.066423777047752,-2.5468376
1870,.656741092428109,-2.5468376
1876,.9053535516181885,-2.5468376
1877,.1687826135336211,-2.5468376
1878,-.1194638254569032,-2.5468376
1879,-.3651524575581709,-2.5468376
1880,.8437546522965926,-2.5468376
1790,.6660179042044474,-2.5468376
1793,1.347924040751429,-2.5468376
1813,.129136386949548,-2.5468376
1812,.4873143518708693,-2.5468376
1881,.6637550504857347,-2.5468376
1882,1.342074791936279,-2.5468376
1886,.0517865405321438,-2.5468376
1827,.0782292791013174,-2.5468376
1833,-.5880069191353087,-2.5468376
1863,1.649183029507323,-2.5468376
1871,.6351017724122419,-2.5468376
1889,-.438013957698164,-2.5468376
1890,.9144570802741392,-2.5468376
1820,.9140428138588951,-2.5468376
1829,-.2861174882259637,-2.5468376
1797,1.326369230019477,-2.5468376
1805,1.627233041405816,-2.5468376
1825,1.369434822907753,-2.5468376
1884,1.391053219014254,-2.5468376
1885,1.086116352481112,-2.5468376
1887,1.582641373332009,-2.5468376
1822,1.263600344597763,-2.5468376
1868,1.965339365772659,-2.5468376
1893,.8927183008961439,-2.5468376
1892,1.593094691824456,-2.5468376
1894,1.171117654266831,-2.5468376
1896,1.431281306868164,-2.5468376
1895,.7127810728082357,-2.5468376
1897,-.2201742326140632,-2.5468376
1898,1.411885532387765,-2.5468376
1861,1.103935007833575,-2.5468376
1900,.6954101028692751,-2.5468376
1901,1.217621301155082,-2.5468376
1902,.9612024049878759,-2.5468376
