destination,DFE_MLE_low,DFE_MLE_high,_beta_slope_low,_beta_slope_high
33,3.0203054,-1.0282594,-3.1965547,-2.1051624
35,-2.8802576,-1.2828118,-3.1965547,-2.1051624
45,-7.4118705,-1.6514502,-3.1965547,-2.1051624
56,-2.678894,-.41245139,-3.1965547,-2.1051624
58,-4.3660097,-.56898004,-3.1965547,-2.1051624
60,-.43219543,.025242999,-3.1965547,-2.1051624
63,3.0316491,-.43856961,-3.1965547,-2.1051624
64,1.6554035,-.55334181,-3.1965547,-2.1051624
68,-2.6178164,.55716139,-3.1965547,-2.1051624
69,-11.516017,1.6163335,-3.1965547,-2.1051624
70,-11.754292,-.96279192,-3.1965547,-2.1051624
71,4.0023355,1.3779851,-3.1965547,-2.1051624
72,-11.528003,-3.135797,-3.1965547,-2.1051624
74,-4.5992646,.61007321,-3.1965547,-2.1051624
75,-11.449306,-1.3285618,-3.1965547,-2.1051624
76,-5.0969043,.45589161,-3.1965547,-2.1051624
77,-7.5624509,.73606431,-3.1965547,-2.1051624
78,-.16842866,-1.2483259,-3.1965547,-2.1051624
80,-6.2302308,1.3821688,-3.1965547,-2.1051624
81,-7.3319702,1.3562762,-3.1965547,-2.1051624
82,-4.9063883,1.6009815,-3.1965547,-2.1051624
83,-9.1659603,.048817456,-3.1965547,-2.1051624
84,-8.801405,-.50441068,-3.1965547,-2.1051624
85,-9.5650005,-1.6513461,-3.1965547,-2.1051624
86,-13.572428,-2.0342233,-3.1965547,-2.1051624
87,-5.2822862,-.42399153,-3.1965547,-2.1051624
88,-8.5904903,.099950209,-3.1965547,-2.1051624
89,-8.1732454,1.1959375,-3.1965547,-2.1051624
91,-3.2205231,.19064152,-3.1965547,-2.1051624
92,-6.2277079,2.0011389,-3.1965547,-2.1051624
93,-5.9467945,-.75078183,-3.1965547,-2.1051624
94,-3.5788119,.31451836,-3.1965547,-2.1051624
95,-5.1233397,.26586661,-3.1965547,-2.1051624
96,-7.1001506,-.50428468,-3.1965547,-2.1051624
97,-8.537466,-1.186699,-3.1965547,-2.1051624
98,-7.46699,.92314583,-3.1965547,-2.1051624
99,-11.540274,-.034396984,-3.1965547,-2.1051624
100,-3.8261788,1.8370644,-3.1965547,-2.1051624
101,-4.8920193,1.2613006,-3.1965547,-2.1051624
102,2.1491234,-1.4469954,-3.1965547,-2.1051624
103,-7.3858013,-2.0543399,-3.1965547,-2.1051624
104,-.5734669,.67092407,-3.1965547,-2.1051624
105,-6.9960546,-.45279208,-3.1965547,-2.1051624
106,-9.1564903,-.70071876,-3.1965547,-2.1051624
107,-5.2512221,1.6578808,-3.1965547,-2.1051624
108,-3.3228767,1.9253066,-3.1965547,-2.1051624
109,-11.644059,-.44150677,-3.1965547,-2.1051624
110,-5.5098996,1.096944,-3.1965547,-2.1051624
111,-7.1783471,1.0447029,-3.1965547,-2.1051624
112,-8.2368431,.16503446,-3.1965547,-2.1051624
113,-6.6949835,-1.1287386,-3.1965547,-2.1051624
114,-3.4415233,2.2145607,-3.1965547,-2.1051624
115,-1.7956363,-1.0788404,-3.1965547,-2.1051624
116,-4.071074,1.5113846,-3.1965547,-2.1051624
117,-5.229084,-1.4210176,-3.1965547,-2.1051624
118,-7.9462919,-.80933541,-3.1965547,-2.1051624
119,.53589594,1.0543427,-3.1965547,-2.1051624
122,-12.742797,-.51577795,-3.1965547,-2.1051624
123,-5.0368934,1.0831096,-3.1965547,-2.1051624
124,-4.3369141,1.3932368,-3.1965547,-2.1051624
125,-9.5064478,.86883473,-3.1965547,-2.1051624
126,-5.0103154,1.4211529,-3.1965547,-2.1051624
127,-3.763428,.81628525,-3.1965547,-2.1051624
128,-3.3511469,-.029718272,-3.1965547,-2.1051624
129,-9.4547567,-2.6399922,-3.1965547,-2.1051624
130,-4.6606841,.67082697,-3.1965547,-2.1051624
131,-4.618609,1.4985405,-3.1965547,-2.1051624
133,.43928811,1.3132298,-3.1965547,-2.1051624
134,-9.4720049,-1.9503633,-3.1965547,-2.1051624
135,-3.5687568,1.1916529,-3.1965547,-2.1051624
136,-10.001907,-1.6788921,-3.1965547,-2.1051624
137,-6.2587447,1.7031333,-3.1965547,-2.1051624
138,-6.089746,.47483864,-3.1965547,-2.1051624
139,.020456692,.66193563,-3.1965547,-2.1051624
140,-2.5428588,-.41301051,-3.1965547,-2.1051624
141,-9.4310656,-.090001374,-3.1965547,-2.1051624
143,-11.133739,-3.7857702,-3.1965547,-2.1051624
144,-12.074069,-1.7861317,-3.1965547,-2.1051624
145,2.8678319,1.3327179,-3.1965547,-2.1051624
146,-.91196221,.10803914,-3.1965547,-2.1051624
147,-4.9606557,-.68326032,-3.1965547,-2.1051624
148,1.4744508,.69457304,-3.1965547,-2.1051624
149,-3.4307365,-.75710934,-3.1965547,-2.1051624
150,-3.6013021,1.2361662,-3.1965547,-2.1051624
151,-4.1212411,1.9588978,-3.1965547,-2.1051624
152,-3.7153718,-.037168097,-3.1965547,-2.1051624
153,2.1227605,.78788358,-3.1965547,-2.1051624
154,2.3824124,.46365556,-3.1965547,-2.1051624
155,2.7116072,1.0308228,-3.1965547,-2.1051624
156,-3.7738783,1.407168,-3.1965547,-2.1051624
157,-4.4433184,.29106501,-3.1965547,-2.1051624
158,3.1257546,1.0308694,-3.1965547,-2.1051624
159,-6.0465469,.99803257,-3.1965547,-2.1051624
160,-4.1239824,-.97583747,-3.1965547,-2.1051624
161,-8.3402491,-.41736481,-3.1965547,-2.1051624
162,1.1702421,-.55924475,-3.1965547,-2.1051624
163,-3.4377403,1.553678,-3.1965547,-2.1051624
164,-4.8375297,.9526425,-3.1965547,-2.1051624
165,.081859656,.66017735,-3.1965547,-2.1051624
166,-5.954329,1.2456223,-3.1965547,-2.1051624
168,2.0548694,.52781773,-3.1965547,-2.1051624
170,-9.6108103,-.32810655,-3.1965547,-2.1051624
171,1.8671296,1.3614067,-3.1965547,-2.1051624
172,1.8707703,-.079482853,-3.1965547,-2.1051624
173,-3.5525608,1.8227478,-3.1965547,-2.1051624
174,-5.2710824,-2.2758,-3.1965547,-2.1051624
175,-4.0464587,.26047105,-3.1965547,-2.1051624
176,-4.7845693,1.2205662,-3.1965547,-2.1051624
177,-4.2802467,-2.5857031,-3.1965547,-2.1051624
178,-4.533474,-1.7430571,-3.1965547,-2.1051624
179,.061423626,.75762343,-3.1965547,-2.1051624
180,-1.3796686,1.9453759,-3.1965547,-2.1051624
181,1.3278869,-.52068287,-3.1965547,-2.1051624
182,-5.3665986,.85210049,-3.1965547,-2.1051624
183,-4.882803,.74261785,-3.1965547,-2.1051624
184,-11.015399,-.88205779,-3.1965547,-2.1051624
185,-7.2967262,-.055108175,-3.1965547,-2.1051624
186,-7.842361,-.59909695,-3.1965547,-2.1051624
187,-8.578783,.55092394,-3.1965547,-2.1051624
188,-8.2214718,-2.622236,-3.1965547,-2.1051624
189,2.0668979,.52171731,-3.1965547,-2.1051624
190,1.667281,.05042617,-3.1965547,-2.1051624
191,-.90671176,.9026531,-3.1965547,-2.1051624
192,-2.1131556,.53916794,-3.1965547,-2.1051624
193,1.3109926,1.2378747,-3.1965547,-2.1051624
194,-5.6971526,-2.3565755,-3.1965547,-2.1051624
195,-1.2748983,1.444922,-3.1965547,-2.1051624
196,-9.584486,-.66885424,-3.1965547,-2.1051624
197,-1.7126608,.4874424,-3.1965547,-2.1051624
198,-3.7260597,.71288186,-3.1965547,-2.1051624
199,-4.8822002,1.1265182,-3.1965547,-2.1051624
200,.48591089,-.77419305,-3.1965547,-2.1051624
201,.54951197,-.82259309,-3.1965547,-2.1051624
202,1.3509345,1.9388928,-3.1965547,-2.1051624
203,-5.583622,1.2414922,-3.1965547,-2.1051624
204,-4.3092446,1.2541325,-3.1965547,-2.1051624
205,-9.7005329,-.24156491,-3.1965547,-2.1051624
206,-6.8561425,-.47244328,-3.1965547,-2.1051624
207,-2.0720618,-.24508473,-3.1965547,-2.1051624
208,1.6768963,1.4021075,-3.1965547,-2.1051624
209,-3.5686758,.60455692,-3.1965547,-2.1051624
210,-2.4195571,-5.7996268,-3.1965547,-2.1051624
211,-3.674207,-.45857784,-3.1965547,-2.1051624
212,-9.6036444,-2.7557888,-3.1965547,-2.1051624
213,-4.5538659,1.2691332,-3.1965547,-2.1051624
214,-.39398998,.14740725,-3.1965547,-2.1051624
215,-2.0524826,.33489972,-3.1965547,-2.1051624
216,.39731663,-.95845491,-3.1965547,-2.1051624
217,.25251436,.46686238,-3.1965547,-2.1051624
218,-2.7118583,1.5068933,-3.1965547,-2.1051624
219,-.081137583,-.57462817,-3.1965547,-2.1051624
220,.96347898,.12174638,-3.1965547,-2.1051624
222,.45388156,-.87707818,-3.1965547,-2.1051624
223,2.5331001,1.2074761,-3.1965547,-2.1051624
224,-2.9309857,.44153926,-3.1965547,-2.1051624
225,-2.8799205,.87962693,-3.1965547,-2.1051624
226,.7531721,.27334589,-3.1965547,-2.1051624
227,-6.0342441,1.4327499,-3.1965547,-2.1051624
228,-4.0693569,-.99248803,-3.1965547,-2.1051624
229,-3.1086664,.38871688,-3.1965547,-2.1051624
230,-11.547342,-.19418992,-3.1965547,-2.1051624
231,1.0355836,-.17432489,-3.1965547,-2.1051624
232,-4.2855725,.84668279,-3.1965547,-2.1051624
233,-7.5980301,.17290367,-3.1965547,-2.1051624
234,-10.658322,-1.8602847,-3.1965547,-2.1051624
235,.42125949,-.039174084,-3.1965547,-2.1051624
236,-10.006293,.49722427,-3.1965547,-2.1051624
237,-6.3931112,.59105974,-3.1965547,-2.1051624
238,-3.0742364,-.14163962,-3.1965547,-2.1051624
239,-4.526741,1.4777682,-3.1965547,-2.1051624
240,-2.6531897,.48826665,-3.1965547,-2.1051624
241,-8.1942091,.72948694,-3.1965547,-2.1051624
242,2.0542834,-.68386769,-3.1965547,-2.1051624
243,-.13932468,1.1622393,-3.1965547,-2.1051624
244,-3.0227907,-.37844503,-3.1965547,-2.1051624
245,-4.7424712,.23879296,-3.1965547,-2.1051624
246,-6.3003654,1.9563468,-3.1965547,-2.1051624
247,-6.2319598,.72730047,-3.1965547,-2.1051624
248,-4.5860553,1.9733626,-3.1965547,-2.1051624
249,-3.4353886,-.34208286,-3.1965547,-2.1051624
250,-1.4098133,-1.2716837,-3.1965547,-2.1051624
251,-7.727458,-1.1276098,-3.1965547,-2.1051624
252,-2.5730233,1.1825277,-3.1965547,-2.1051624
253,-10.753536,-1.0086576,-3.1965547,-2.1051624
254,-5.1647692,1.7923962,-3.1965547,-2.1051624
255,1.3159631,-.36786136,-3.1965547,-2.1051624
257,-8.5157394,-.5536992,-3.1965547,-2.1051624
258,.39008912,.23058967,-3.1965547,-2.1051624
261,-3.8696702,1.1629578,-3.1965547,-2.1051624
262,-4.3075242,1.1361231,-3.1965547,-2.1051624
263,.026428299,-2.652633,-3.1965547,-2.1051624
264,-5.5586834,-5.5348749,-3.1965547,-2.1051624
265,2.2679369,-.90445495,-3.1965547,-2.1051624
266,-.64207232,-3.1263041,-3.1965547,-2.1051624
267,1.7377325,-.62695885,-3.1965547,-2.1051624
268,-6.457581,-1.7797986,-3.1965547,-2.1051624
269,-1.3954575,-.43320641,-3.1965547,-2.1051624
270,-1.4823841,-1.6987427,-3.1965547,-2.1051624
271,-5.2910533,.36042026,-3.1965547,-2.1051624
272,-5.8143125,-2.0822093,-3.1965547,-2.1051624
273,-1.0012649,.24286401,-3.1965547,-2.1051624
274,-4.7324142,.50081414,-3.1965547,-2.1051624
275,-8.7547798,.070739061,-3.1965547,-2.1051624
276,-15.916981,-3.4629052,-3.1965547,-2.1051624
277,-8.2228994,.88463426,-3.1965547,-2.1051624
278,-3.3187814,.5545001,-3.1965547,-2.1051624
279,-6.8944893,.4832975,-3.1965547,-2.1051624
280,-1.3842725,-.48182365,-3.1965547,-2.1051624
281,-5.990159,1.2140827,-3.1965547,-2.1051624
282,-9.9153891,-.67541778,-3.1965547,-2.1051624
283,-7.843215,.46720839,-3.1965547,-2.1051624
284,-2.0914028,.1987827,-3.1965547,-2.1051624
285,-5.1268067,1.483668,-3.1965547,-2.1051624
288,-4.9425669,-2.2610872,-3.1965547,-2.1051624
289,2.9575171,.98973948,-3.1965547,-2.1051624
291,-.78402156,.90011066,-3.1965547,-2.1051624
292,-7.9613953,.80943197,-3.1965547,-2.1051624
293,-1.6380501,-.52288312,-3.1965547,-2.1051624
294,-3.2129655,1.3099779,-3.1965547,-2.1051624
295,-.59192789,-.73736751,-3.1965547,-2.1051624
296,-1.0010276,-.92333436,-3.1965547,-2.1051624
297,-12.644751,-.32050723,-3.1965547,-2.1051624
298,-.097360253,.12955058,-3.1965547,-2.1051624
299,2.4773993,-.19979653,-3.1965547,-2.1051624
300,-9.250226,-3.8090672,-3.1965547,-2.1051624
301,-5.1543641,1.027065,-3.1965547,-2.1051624
303,-3.0113304,-2.0221293,-3.1965547,-2.1051624
305,2.3279893,-.17650108,-3.1965547,-2.1051624
306,-3.3966403,-1.7757884,-3.1965547,-2.1051624
307,2.7399414,-2.2765884,-3.1965547,-2.1051624
308,-8.6219788,-1.2866915,-3.1965547,-2.1051624
309,-4.9232802,-.33100873,-3.1965547,-2.1051624
310,1.730287,-.77923673,-3.1965547,-2.1051624
311,-21.436226,-2.3283408,-3.1965547,-2.1051624
312,-.097749665,.46262905,-3.1965547,-2.1051624
313,-5.7769942,-1.5936074,-3.1965547,-2.1051624
314,1.9498073,.32049078,-3.1965547,-2.1051624
315,-1.8729837,.56704378,-3.1965547,-2.1051624
316,-9.3367739,.44574133,-3.1965547,-2.1051624
317,-6.1459298,1.0905832,-3.1965547,-2.1051624
318,2.6675882,-.98742682,-3.1965547,-2.1051624
319,-3.7019958,-.91410035,-3.1965547,-2.1051624
320,2.5538635,1.0186273,-3.1965547,-2.1051624
321,-3.8978622,.7503103,-3.1965547,-2.1051624
322,.48275873,.10996353,-3.1965547,-2.1051624
323,-.08387579,-.98411864,-3.1965547,-2.1051624
324,-7.4136658,-2.1883442,-3.1965547,-2.1051624
325,-3.7217758,-.14241806,-3.1965547,-2.1051624
326,-.46738622,-1.13893,-3.1965547,-2.1051624
327,.13757545,-.022206588,-3.1965547,-2.1051624
328,-9.3471289,-.17535666,-3.1965547,-2.1051624
329,.046944786,-4.4644322,-3.1965547,-2.1051624
330,-3.7250078,.7245968,-3.1965547,-2.1051624
331,-2.2311504,.61038613,-3.1965547,-2.1051624
332,-10.576545,-3.3166668,-3.1965547,-2.1051624
333,-.86110955,-.21370506,-3.1965547,-2.1051624
334,-4.9557095,2.1849713,-3.1965547,-2.1051624
335,-4.3682222,.14815073,-3.1965547,-2.1051624
336,-2.6501703,.31250194,-3.1965547,-2.1051624
337,-.53721547,-1.7858455,-3.1965547,-2.1051624
338,1.3967314,.12305865,-3.1965547,-2.1051624
339,-3.1594939,.078303017,-3.1965547,-2.1051624
340,-10.321625,-2.7829683,-3.1965547,-2.1051624
341,-1.4374874,.98380584,-3.1965547,-2.1051624
342,-4.3805661,1.3765867,-3.1965547,-2.1051624
343,-5.100019,-.73438042,-3.1965547,-2.1051624
344,-1.174709,-.80287737,-3.1965547,-2.1051624
345,2.144531,-.23033379,-3.1965547,-2.1051624
346,-1.5796881,-1.0905526,-3.1965547,-2.1051624
347,2.8625104,-1.1727653,-3.1965547,-2.1051624
348,-.52402157,-.0085872766,-3.1965547,-2.1051624
349,-3.4690113,-.51054519,-3.1965547,-2.1051624
350,-2.6405544,1.602093,-3.1965547,-2.1051624
351,-6.3443108,.13311377,-3.1965547,-2.1051624
353,-2.9000585,.17827877,-3.1965547,-2.1051624
354,-7.4905887,-2.4676185,-3.1965547,-2.1051624
355,.86694115,-.77280211,-3.1965547,-2.1051624
357,-2.4382284,-1.4725938,-3.1965547,-2.1051624
358,-5.0765953,-.17795174,-3.1965547,-2.1051624
359,-5.2519565,.74737316,-3.1965547,-2.1051624
360,3.0436687,.23335053,-3.1965547,-2.1051624
361,-8.898304,-1.3624126,-3.1965547,-2.1051624
362,-3.95717,-.3120454,-3.1965547,-2.1051624
363,4.0145454,-.56524199,-3.1965547,-2.1051624
364,-.8148306,-1.0068766,-3.1965547,-2.1051624
365,-4.3512053,-.55102748,-3.1965547,-2.1051624
366,-9.2887669,-.29606831,-3.1965547,-2.1051624
367,-3.6535418,-1.872297,-3.1965547,-2.1051624
368,-1.1730582,1.0827292,-3.1965547,-2.1051624
369,-6.045692,1.1505853,-3.1965547,-2.1051624
370,-18.953518,-4.5675921,-3.1965547,-2.1051624
371,-4.7868762,.93521696,-3.1965547,-2.1051624
372,-4.0792532,-.70792192,-3.1965547,-2.1051624
373,-11.978666,-1.3196299,-3.1965547,-2.1051624
374,3.9201424,.88816977,-3.1965547,-2.1051624
375,1.5486261,-2.7515974,-3.1965547,-2.1051624
376,1.5900669,-.5903278,-3.1965547,-2.1051624
377,-4.5230021,-1.4816432,-3.1965547,-2.1051624
378,3.5456872,-.30641255,-3.1965547,-2.1051624
379,-6.404304,.62651145,-3.1965547,-2.1051624
380,1.7225341,-.47539926,-3.1965547,-2.1051624
381,-5.9549303,-.40084672,-3.1965547,-2.1051624
382,-7.1481895,-2.3066769,-3.1965547,-2.1051624
383,-4.838273,-.78679585,-3.1965547,-2.1051624
384,-.047146644,.23488875,-3.1965547,-2.1051624
385,-4.4530835,-.11383807,-3.1965547,-2.1051624
386,-.48535132,.98277825,-3.1965547,-2.1051624
387,2.2016294,-.32941845,-3.1965547,-2.1051624
388,-3.195751,-2.767426,-3.1965547,-2.1051624
389,-8.0026636,.6463781,-3.1965547,-2.1051624
390,-.6043694,-1.3263661,-3.1965547,-2.1051624
391,-7.6028495,.85470515,-3.1965547,-2.1051624
392,-1.3147622,.31286263,-3.1965547,-2.1051624
393,4.226099,-.11387288,-3.1965547,-2.1051624
394,-8.5409451,.0028980391,-3.1965547,-2.1051624
395,-5.0869422,.70282209,-3.1965547,-2.1051624
396,-.25497577,1.1919054,-3.1965547,-2.1051624
397,-3.5564585,1.3901176,-3.1965547,-2.1051624
398,-4.7007251,.82682246,-3.1965547,-2.1051624
399,-2.0560317,-.45711726,-3.1965547,-2.1051624
401,-4.7210612,-.24310476,-3.1965547,-2.1051624
403,2.4962928,-.20231965,-3.1965547,-2.1051624
404,.57854748,1.3117439,-3.1965547,-2.1051624
405,3.2372832,-1.3057402,-3.1965547,-2.1051624
406,4.4389019,.51519233,-3.1965547,-2.1051624
407,-4.2811155,-.64430368,-3.1965547,-2.1051624
408,-2.3870995,-1.7306148,-3.1965547,-2.1051624
409,-2.5154622,-1.0664625,-3.1965547,-2.1051624
410,-1.7823423,-1.2215823,-3.1965547,-2.1051624
411,-3.0315857,-1.5086132,-3.1965547,-2.1051624
412,-4.069788,.94439954,-3.1965547,-2.1051624
413,-.83109903,-1.3967181,-3.1965547,-2.1051624
414,-5.3880734,.36547154,-3.1965547,-2.1051624
417,-.51507527,.94100499,-3.1965547,-2.1051624
418,-.63194162,.10678859,-3.1965547,-2.1051624
419,-12.219575,-.035125397,-3.1965547,-2.1051624
420,-22.898453,-2.9758971,-3.1965547,-2.1051624
421,-44.013969,-6.1964946,-3.1965547,-2.1051624
422,-.48871025,-1.5408359,-3.1965547,-2.1051624
424,-2.2577507,.29357451,-3.1965547,-2.1051624
426,-6.5161953,.87143672,-3.1965547,-2.1051624
427,-4.4541984,1.55979,-3.1965547,-2.1051624
429,-6.2199383,.30900443,-3.1965547,-2.1051624
430,-7.6381826,-3.1682227,-3.1965547,-2.1051624
431,-3.6662037,.097459882,-3.1965547,-2.1051624
432,-5.2437177,-.62514788,-3.1965547,-2.1051624
433,.86335111,.11485125,-3.1965547,-2.1051624
434,-6.0606985,.75500751,-3.1965547,-2.1051624
435,-1.7697042,-.36758691,-3.1965547,-2.1051624
436,3.5781155,-.30202332,-3.1965547,-2.1051624
437,-3.6698546,-.12800297,-3.1965547,-2.1051624
438,3.7172506,-1.1436431,-3.1965547,-2.1051624
439,-3.4787412,-.9244175,-3.1965547,-2.1051624
440,-8.7882671,-2.3902934,-3.1965547,-2.1051624
442,-1.0460042,-1.2575189,-3.1965547,-2.1051624
443,1.3181974,-1.6117412,-3.1965547,-2.1051624
444,3.7006328,-2.2949986,-3.1965547,-2.1051624
445,2.85729,-2.4265287,-3.1965547,-2.1051624
446,-4.6198735,-2.0649419,-3.1965547,-2.1051624
447,-5.9805331,-1.9618664,-3.1965547,-2.1051624
448,-.28106451,-.13480924,-3.1965547,-2.1051624
449,3.1203699,-1.683875,-3.1965547,-2.1051624
450,-1.1335114,-.22043845,-3.1965547,-2.1051624
451,-5.7686882,-1.5012654,-3.1965547,-2.1051624
452,-.92464203,.090917416,-3.1965547,-2.1051624
453,-.45892638,-.19785227,-3.1965547,-2.1051624
454,-1.1659833,-1.8540294,-3.1965547,-2.1051624
455,1.5417883,.31608525,-3.1965547,-2.1051624
456,-5.4983001,1.327981,-3.1965547,-2.1051624
457,-9.1279049,-1.543117,-3.1965547,-2.1051624
458,-5.8033509,.2311575,-3.1965547,-2.1051624
459,-1.581318,.39687672,-3.1965547,-2.1051624
460,-2.2345798,-.73496217,-3.1965547,-2.1051624
461,.82853895,-2.1316576,-3.1965547,-2.1051624
463,-2.0016446,.43995619,-3.1965547,-2.1051624
464,-.50843912,-.79999352,-3.1965547,-2.1051624
466,-.8379432,-.50765419,-3.1965547,-2.1051624
467,2.6132178,-.99247938,-3.1965547,-2.1051624
468,-6.4317131,.91575158,-3.1965547,-2.1051624
469,-10.681587,-2.6398935,-3.1965547,-2.1051624
470,2.0797317,-.7400735,-3.1965547,-2.1051624
471,-1.0804161,-.69087172,-3.1965547,-2.1051624
472,-6.2354565,-.89235729,-3.1965547,-2.1051624
473,.68437517,.1164913,-3.1965547,-2.1051624
474,-12.721985,-1.4753501,-3.1965547,-2.1051624
475,-4.1951604,-.16122249,-3.1965547,-2.1051624
476,-5.8522234,-1.4062179,-3.1965547,-2.1051624
478,-1.6402735,-.5390324,-3.1965547,-2.1051624
479,-5.2561073,-.97535962,-3.1965547,-2.1051624
480,4.1113582,-.77749634,-3.1965547,-2.1051624
481,-5.7495027,-.95570248,-3.1965547,-2.1051624
482,-.38413459,-.67025411,-3.1965547,-2.1051624
483,-1.3226956,-.2012762,-3.1965547,-2.1051624
484,1.3796558,-1.5196546,-3.1965547,-2.1051624
485,-4.9709439,-1.5700613,-3.1965547,-2.1051624
486,-6.3618569,.38648942,-3.1965547,-2.1051624
487,5.3435545,.20158648,-3.1965547,-2.1051624
488,-7.6165276,.18623126,-3.1965547,-2.1051624
489,-5.500051,.40203819,-3.1965547,-2.1051624
490,-.21210054,.015597631,-3.1965547,-2.1051624
491,-3.0944133,-3.3756452,-3.1965547,-2.1051624
492,-.16109924,1.1712252,-3.1965547,-2.1051624
493,-6.6638746,-1.0183221,-3.1965547,-2.1051624
494,-5.7912064,-1.0346922,-3.1965547,-2.1051624
495,-1.0940877,.049480651,-3.1965547,-2.1051624
496,-1.4198332,-1.3769757,-3.1965547,-2.1051624
497,-1.3617504,-.93471408,-3.1965547,-2.1051624
498,1.8428881,1.1242238,-3.1965547,-2.1051624
499,-3.1133449,-1.6165247,-3.1965547,-2.1051624
500,2.1469216,.53440011,-3.1965547,-2.1051624
501,-1.2131184,.17018782,-3.1965547,-2.1051624
502,-1.6190642,-1.5646539,-3.1965547,-2.1051624
503,-.53261638,-1.0996778,-3.1965547,-2.1051624
504,-6.7161918,-.11388157,-3.1965547,-2.1051624
505,-2.7612445,-2.7906909,-3.1965547,-2.1051624
506,1.0179131,-.81434882,-3.1965547,-2.1051624
507,-.60456157,-.14550646,-3.1965547,-2.1051624
508,-4.4460716,-.58722562,-3.1965547,-2.1051624
509,.9488911,-2.0283597,-3.1965547,-2.1051624
510,-2.4032507,.3210752,-3.1965547,-2.1051624
511,-5.9587793,.99906027,-3.1965547,-2.1051624
512,-1.3390241,-.43829912,-3.1965547,-2.1051624
513,2.7367253,.93034637,-3.1965547,-2.1051624
514,-5.3323326,-1.4683726,-3.1965547,-2.1051624
515,-1.1545599,-.19827443,-3.1965547,-2.1051624
516,-1.3701004,.017422564,-3.1965547,-2.1051624
517,-3.2948191,1.279996,-3.1965547,-2.1051624
518,-10.509077,-1.9479986,-3.1965547,-2.1051624
519,-3.7109632,-1.6471457,-3.1965547,-2.1051624
520,-2.1339781,-.58522296,-3.1965547,-2.1051624
521,-10.588532,-1.4204681,-3.1965547,-2.1051624
522,-2.5291853,.88097411,-3.1965547,-2.1051624
523,2.3225684,-2.1827538,-3.1965547,-2.1051624
525,-7.2767816,-1.9502157,-3.1965547,-2.1051624
526,2.833215,-2.276526,-3.1965547,-2.1051624
528,-3.2551491,-1.8114893,-3.1965547,-2.1051624
529,-.95308822,1.5302354,-3.1965547,-2.1051624
530,-9.0442896,-.94763303,-3.1965547,-2.1051624
531,.7944833,-.41136074,-3.1965547,-2.1051624
532,.33347008,.27803361,-3.1965547,-2.1051624
533,-8.935338,-.59378392,-3.1965547,-2.1051624
534,-3.5793536,-1.6049148,-3.1965547,-2.1051624
535,-2.8305552,1.5423551,-3.1965547,-2.1051624
536,1.2412603,-.49564716,-3.1965547,-2.1051624
537,-4.5831909,.71662521,-3.1965547,-2.1051624
538,-5.4867482,.51405156,-3.1965547,-2.1051624
539,-8.4174814,.017042182,-3.1965547,-2.1051624
540,-.23982827,.20769918,-3.1965547,-2.1051624
541,1.1168725,.27796575,-3.1965547,-2.1051624
542,2.7582915,-1.4794496,-3.1965547,-2.1051624
543,-.79541069,.024729017,-3.1965547,-2.1051624
544,-12.165745,-1.5219362,-3.1965547,-2.1051624
545,-8.8042068,-2.7405579,-3.1965547,-2.1051624
546,-5.6359696,-1.5099601,-3.1965547,-2.1051624
547,-8.9096966,-.63852936,-3.1965547,-2.1051624
548,1.1192644,.26989126,-3.1965547,-2.1051624
550,-1.7834554,-7.9987588,-3.1965547,-2.1051624
551,-1.2118824,.023426773,-3.1965547,-2.1051624
552,-.52047932,-.69883204,-3.1965547,-2.1051624
553,1.5305766,-2.4388049,-3.1965547,-2.1051624
554,-2.6130066,-1.8077215,-3.1965547,-2.1051624
555,3.4578788,-1.1151119,-3.1965547,-2.1051624
556,-8.0162401,-2.1866169,-3.1965547,-2.1051624
557,-.52846539,-1.1447351,-3.1965547,-2.1051624
558,2.8292463,.60559851,-3.1965547,-2.1051624
560,3.778657,-.2641187,-3.1965547,-2.1051624
561,.68384731,-1.0576134,-3.1965547,-2.1051624
562,.690561,-.43752524,-3.1965547,-2.1051624
563,1.1761844,.2328122,-3.1965547,-2.1051624
564,-4.4686294,-1.6887743,-3.1965547,-2.1051624
565,3.8486166,-.37337363,-3.1965547,-2.1051624
566,-6.7487679,-1.3065583,-3.1965547,-2.1051624
567,.58599627,.63340008,-3.1965547,-2.1051624
568,.40337187,.5094738,-3.1965547,-2.1051624
569,2.4699252,.23710081,-3.1965547,-2.1051624
570,-1.987094,-.066967621,-3.1965547,-2.1051624
571,-5.5032849,-2.185832,-3.1965547,-2.1051624
572,-15.251406,.27642122,-3.1965547,-2.1051624
574,-2.745002,1.0564095,-3.1965547,-2.1051624
575,-1.5654967,.89562929,-3.1965547,-2.1051624
576,-15.887261,-1.5370154,-3.1965547,-2.1051624
577,1.2138299,.10230356,-3.1965547,-2.1051624
578,.31399006,-.11750036,-3.1965547,-2.1051624
579,-8.6881027,.72914135,-3.1965547,-2.1051624
580,5.2122469,-.082613297,-3.1965547,-2.1051624
581,1.1565286,-.089498997,-3.1965547,-2.1051624
582,2.6182833,.026242662,-3.1965547,-2.1051624
583,3.3941967,-1.2073742,-3.1965547,-2.1051624
584,2.1092353,-1.431686,-3.1965547,-2.1051624
586,-4.7323909,-.5159719,-3.1965547,-2.1051624
587,-11.088407,-1.3053646,-3.1965547,-2.1051624
588,3.5120792,.031211203,-3.1965547,-2.1051624
589,1.8065273,-3.6630106,-3.1965547,-2.1051624
590,4.7704997,-.020916255,-3.1965547,-2.1051624
591,-5.6347399,.16355297,-3.1965547,-2.1051624
592,-3.85022,-2.1040003,-3.1965547,-2.1051624
593,1.7932563,-.81688702,-3.1965547,-2.1051624
594,1.2129985,.12346159,-3.1965547,-2.1051624
595,-6.7378383,.89643729,-3.1965547,-2.1051624
596,2.5255694,1.2621753,-3.1965547,-2.1051624
597,3.2441165,-1.9081073,-3.1965547,-2.1051624
598,-1.0162232,-1.7203503,-3.1965547,-2.1051624
599,-2.7439718,-.80130094,-3.1965547,-2.1051624
600,3.6030443,.39934295,-3.1965547,-2.1051624
601,1.5059193,2.0272481,-3.1965547,-2.1051624
602,-2.3972192,-.57692784,-3.1965547,-2.1051624
603,-.15932606,.014908016,-3.1965547,-2.1051624
604,.58579433,.5941956,-3.1965547,-2.1051624
605,-3.4163911,-3.2469909,-3.1965547,-2.1051624
607,-.41567299,1.5954981,-3.1965547,-2.1051624
608,.03348764,.0033941253,-3.1965547,-2.1051624
609,3.3137708,.29139677,-3.1965547,-2.1051624
610,-.53961682,-1.5502932,-3.1965547,-2.1051624
612,1.2777798,.050403375,-3.1965547,-2.1051624
613,1.2493417,-.36510769,-3.1965547,-2.1051624
614,1.8528447,-.75355142,-3.1965547,-2.1051624
615,.79328603,.066398092,-3.1965547,-2.1051624
616,.15160684,.41738394,-3.1965547,-2.1051624
617,-4.7670417,.52279782,-3.1965547,-2.1051624
618,1.7493128,-1.5131022,-3.1965547,-2.1051624
619,.49088633,.46353251,-3.1965547,-2.1051624
620,.015066528,-.84999639,-3.1965547,-2.1051624
621,-.34572518,.17251557,-3.1965547,-2.1051624
622,1.6750042,-1.090053,-3.1965547,-2.1051624
623,-6.0141697,-.63988101,-3.1965547,-2.1051624
624,3.7168653,-.79508805,-3.1965547,-2.1051624
625,-.17342632,-1.5205704,-3.1965547,-2.1051624
626,-6.3960838,-.19438021,-3.1965547,-2.1051624
627,2.2904871,.14949153,-3.1965547,-2.1051624
630,2.8148801,-.73437399,-3.1965547,-2.1051624
631,-.37056619,-1.0640714,-3.1965547,-2.1051624
632,-1.1203891,.91953832,-3.1965547,-2.1051624
633,-.3719126,-2.3201115,-3.1965547,-2.1051624
634,.97744125,-1.2401559,-3.1965547,-2.1051624
635,2.6889248,.73580462,-3.1965547,-2.1051624
636,2.4604018,.33124131,-3.1965547,-2.1051624
637,.37322661,.68498671,-3.1965547,-2.1051624
638,3.315176,-.85065973,-3.1965547,-2.1051624
639,.61381942,-1.6380271,-3.1965547,-2.1051624
640,1.0196644,.56412482,-3.1965547,-2.1051624
641,-4.3293357,.6817956,-3.1965547,-2.1051624
642,1.8829634,-.15763052,-3.1965547,-2.1051624
643,3.9525435,-.81717139,-3.1965547,-2.1051624
644,-3.66874,.48333925,-3.1965547,-2.1051624
645,-8.6683044,-.74598563,-3.1965547,-2.1051624
646,-10.484655,-1.995993,-3.1965547,-2.1051624
647,-5.6939282,-.3005361,-3.1965547,-2.1051624
648,-8.6982727,-2.1872797,-3.1965547,-2.1051624
649,4.4350724,.53313512,-3.1965547,-2.1051624
651,3.0057144,.02332731,-3.1965547,-2.1051624
652,.69026041,-.23617677,-3.1965547,-2.1051624
653,2.0112505,-.64826232,-3.1965547,-2.1051624
655,-5.6754532,-.81146806,-3.1965547,-2.1051624
656,-.24786659,.58505034,-3.1965547,-2.1051624
657,-3.8210127,1.5736686,-3.1965547,-2.1051624
658,-.38067055,-2.2930462,-3.1965547,-2.1051624
659,3.2726121,.4920539,-3.1965547,-2.1051624
660,4.0924039,-.74054414,-3.1965547,-2.1051624
661,2.875041,.50855601,-3.1965547,-2.1051624
662,3.4549232,.57959282,-3.1965547,-2.1051624
663,-2.2280626,-1.9549229,-3.1965547,-2.1051624
664,-5.7234197,.63667083,-3.1965547,-2.1051624
665,-.11307906,-1.1147813,-3.1965547,-2.1051624
666,.54698491,-1.3679541,-3.1965547,-2.1051624
667,2.5727613,.3238478,-3.1965547,-2.1051624
668,.6133576,-.69106483,-3.1965547,-2.1051624
669,-2.9323442,-.20223401,-3.1965547,-2.1051624
670,3.2563062,.49246818,-3.1965547,-2.1051624
671,-2.9997184,.10574111,-3.1965547,-2.1051624
672,-.18945026,-6.2121301,-3.1965547,-2.1051624
673,-10.427263,-1.4784788,-3.1965547,-2.1051624
674,.64994758,-.50778413,-3.1965547,-2.1051624
675,-7.5330691,-2.3546088,-3.1965547,-2.1051624
676,1.8692,-.99149698,-3.1965547,-2.1051624
677,.47325969,-.9444347,-3.1965547,-2.1051624
678,4.9341378,.94630015,-3.1965547,-2.1051624
679,2.5193703,.75078684,-3.1965547,-2.1051624
680,-.84373194,-.82740921,-3.1965547,-2.1051624
681,-5.3840361,-4.8992519,-3.1965547,-2.1051624
682,-.14158168,1.642921,-3.1965547,-2.1051624
683,2.6459987,-.61137658,-3.1965547,-2.1051624
684,-4.0400643,1.7207789,-3.1965547,-2.1051624
685,2.947505,-.12607647,-3.1965547,-2.1051624
686,-2.2358527,-.66430646,-3.1965547,-2.1051624
687,-7.7322235,-.12110166,-3.1965547,-2.1051624
688,-6.0972123,-.19070801,-3.1965547,-2.1051624
689,-3.210315,.29988247,-3.1965547,-2.1051624
690,1.5642492,.15347058,-3.1965547,-2.1051624
691,.30192068,-.65053743,-3.1965547,-2.1051624
692,3.4050491,-.62924552,-3.1965547,-2.1051624
693,-11.182191,-1.6714544,-3.1965547,-2.1051624
694,-4.3754444,-.13020705,-3.1965547,-2.1051624
695,3.0477228,-.99083978,-3.1965547,-2.1051624
696,-.046761725,-2.0060885,-3.1965547,-2.1051624
697,-7.0009851,-1.1476111,-3.1965547,-2.1051624
698,-.35884571,-.83254796,-3.1965547,-2.1051624
701,4.735198,.58757842,-3.1965547,-2.1051624
702,-.16581436,-.4441185,-3.1965547,-2.1051624
703,1.3912131,-.59552872,-3.1965547,-2.1051624
704,-3.3297431,.23302504,-3.1965547,-2.1051624
705,.28064081,-.2744506,-3.1965547,-2.1051624
706,1.8275235,-1.3396907,-3.1965547,-2.1051624
707,2.2455919,-1.1986583,-3.1965547,-2.1051624
708,-1.0448025,-.58711135,-3.1965547,-2.1051624
709,-8.9601126,-1.6561553,-3.1965547,-2.1051624
710,1.6529678,-2.2510488,-3.1965547,-2.1051624
711,.90955085,-.82228571,-3.1965547,-2.1051624
712,2.0273397,-1.2512492,-3.1965547,-2.1051624
713,.51628166,-.58956856,-3.1965547,-2.1051624
714,-9.6751442,-1.5976033,-3.1965547,-2.1051624
715,.73830414,-.63657361,-3.1965547,-2.1051624
716,-.43613058,-2.3350289,-3.1965547,-2.1051624
717,-2.2112446,1.0508105,-3.1965547,-2.1051624
718,3.1907091,.64071435,-3.1965547,-2.1051624
719,3.5425332,-.43212321,-3.1965547,-2.1051624
720,-4.09097,-.33741739,-3.1965547,-2.1051624
722,3.7183816,.24590525,-3.1965547,-2.1051624
724,-5.1806054,-1.5469136,-3.1965547,-2.1051624
725,2.3713751,-1.3690071,-3.1965547,-2.1051624
726,.0066991905,-.85942805,-3.1965547,-2.1051624
727,3.0184317,-1.2555013,-3.1965547,-2.1051624
728,-3.0759184,.76094949,-3.1965547,-2.1051624
729,-6.3240342,-1.4296516,-3.1965547,-2.1051624
730,-.030328555,-.78671932,-3.1965547,-2.1051624
731,.48565862,-1.2409457,-3.1965547,-2.1051624
732,-4.9096451,.22404808,-3.1965547,-2.1051624
733,-.66860765,-1.9072465,-3.1965547,-2.1051624
734,1.03371,.34512073,-3.1965547,-2.1051624
735,-2.814781,-.25881249,-3.1965547,-2.1051624
736,.83831114,.94189817,-3.1965547,-2.1051624
737,-8.0532236,-1.5793881,-3.1965547,-2.1051624
738,-9.6073885,-1.7275269,-3.1965547,-2.1051624
739,-7.011251,-2.1665859,-3.1965547,-2.1051624
740,.93528467,.87106013,-3.1965547,-2.1051624
741,2.2452743,-.95604634,-3.1965547,-2.1051624
742,.5856666,.27244031,-3.1965547,-2.1051624
743,.94151276,.43470752,-3.1965547,-2.1051624
744,2.3540273,-.44974971,-3.1965547,-2.1051624
746,-2.8847208,.49088758,-3.1965547,-2.1051624
750,1.5300854,-.76177627,-3.1965547,-2.1051624
751,1.9434214,-.88133407,-3.1965547,-2.1051624
752,-4.0658264,-2.8465755,-3.1965547,-2.1051624
753,1.0445174,-.26117086,-3.1965547,-2.1051624
755,-6.7289109,-2.2346013,-3.1965547,-2.1051624
756,-1.9854289,-7.8077416,-3.1965547,-2.1051624
757,1.6070323,-1.348561,-3.1965547,-2.1051624
758,3.8782172,.05995699,-3.1965547,-2.1051624
760,.083319575,-1.4051275,-3.1965547,-2.1051624
761,.36847365,-.51985008,-3.1965547,-2.1051624
762,-4.0075884,-.024881039,-3.1965547,-2.1051624
763,-7.1937294,-2.0977907,-3.1965547,-2.1051624
764,3.6660359,.84109223,-3.1965547,-2.1051624
765,2.457885,.071644254,-3.1965547,-2.1051624
766,.54947031,-1.746382,-3.1965547,-2.1051624
767,.69609249,-2.7357652,-3.1965547,-2.1051624
769,2.5889432,-.14129257,-3.1965547,-2.1051624
770,1.1909906,-.97674447,-3.1965547,-2.1051624
771,2.0168707,-.29175422,-3.1965547,-2.1051624
772,-.46884757,-3.0261946,-3.1965547,-2.1051624
773,3.9941864,-.42690638,-3.1965547,-2.1051624
774,.33555242,.50863814,-3.1965547,-2.1051624
775,2.1288779,-2.1417961,-3.1965547,-2.1051624
776,-9.9296761,-2.5660388,-3.1965547,-2.1051624
777,-9.1216259,-2.0614758,-3.1965547,-2.1051624
778,-7.3659244,-2.5275662,-3.1965547,-2.1051624
779,-4.8268619,-.72876161,-3.1965547,-2.1051624
780,-13.874081,-2.3780441,-3.1965547,-2.1051624
781,2.4511631,-1.38982,-3.1965547,-2.1051624
782,-.57710922,.21388218,-3.1965547,-2.1051624
783,-3.0997796,.79255998,-3.1965547,-2.1051624
784,-7.7098145,-1.0358706,-3.1965547,-2.1051624
785,-3.9256573,.96790117,-3.1965547,-2.1051624
786,2.7613761,-.636522,-3.1965547,-2.1051624
787,-.62138408,.2234626,-3.1965547,-2.1051624
788,-5.6684775,-1.5307896,-3.1965547,-2.1051624
789,-18.365191,-3.1091549,-3.1965547,-2.1051624
790,-2.3020217,-.6141187,-3.1965547,-2.1051624
791,-9.6155691,-1.4401468,-3.1965547,-2.1051624
792,.37196216,-1.7816826,-3.1965547,-2.1051624
793,-2.997972,-.81060314,-3.1965547,-2.1051624
794,1.2824827,-.38806584,-3.1965547,-2.1051624
795,4.0337124,-.029346492,-3.1965547,-2.1051624
796,.68140173,-.83982134,-3.1965547,-2.1051624
797,4.0462666,1.3124039,-3.1965547,-2.1051624
798,-4.5794649,-.98381472,-3.1965547,-2.1051624
800,-3.1805143,.42692131,-3.1965547,-2.1051624
801,-.89344102,-2.6493556,-3.1965547,-2.1051624
802,.72004616,-1.1546507,-3.1965547,-2.1051624
803,.98586297,-1.0034986,-3.1965547,-2.1051624
804,-2.911247,-.0009911966,-3.1965547,-2.1051624
805,-5.2709274,.013819216,-3.1965547,-2.1051624
806,-5.3981476,-2.3067217,-3.1965547,-2.1051624
807,-3.4076867,-.3832992,-3.1965547,-2.1051624
808,2.8275249,-.4467831,-3.1965547,-2.1051624
809,-8.7827063,-3.8138013,-3.1965547,-2.1051624
810,-5.8722715,-.99366826,-3.1965547,-2.1051624
811,3.4727027,-.15014993,-3.1965547,-2.1051624
812,-2.6482527,.84013081,-3.1965547,-2.1051624
813,-.73984396,-6.0376253,-3.1965547,-2.1051624
814,2.821331,-1.3901536,-3.1965547,-2.1051624
815,-3.6611288,-.59336942,-3.1965547,-2.1051624
817,.51133084,-4.8349481,-3.1965547,-2.1051624
819,.69290006,-1.6759897,-3.1965547,-2.1051624
820,1.986944,-1.293624,-3.1965547,-2.1051624
821,3.9879413,.96529603,-3.1965547,-2.1051624
822,-6.6621914,-1.56751,-3.1965547,-2.1051624
823,-1.6881411,.54615557,-3.1965547,-2.1051624
824,-6.4305515,-1.9000719,-3.1965547,-2.1051624
825,-1.6276681,.6919896,-3.1965547,-2.1051624
826,-.5888111,.46534145,-3.1965547,-2.1051624
827,-8.7204065,-.66593051,-3.1965547,-2.1051624
828,1.001242,.92663455,-3.1965547,-2.1051624
829,1.357531,-.072170846,-3.1965547,-2.1051624
830,1.433748,-.099867985,-3.1965547,-2.1051624
831,-21.843147,-2.812798,-3.1965547,-2.1051624
832,1.110256,-.62842149,-3.1965547,-2.1051624
833,1.6968913,-.97114259,-3.1965547,-2.1051624
834,2.6976547,-.28418657,-3.1965547,-2.1051624
835,2.4992118,-.84980822,-3.1965547,-2.1051624
836,-2.6792173,-1.4232773,-3.1965547,-2.1051624
837,2.1387367,-.081692658,-3.1965547,-2.1051624
838,3.8804197,-.47532246,-3.1965547,-2.1051624
840,-7.1992373,-.5462299,-3.1965547,-2.1051624
841,-1.0090864,-.75922567,-3.1965547,-2.1051624
842,1.6084727,-4.4000521,-3.1965547,-2.1051624
844,-3.4462771,-1.7878261,-3.1965547,-2.1051624
845,-7.1058016,.07722076,-3.1965547,-2.1051624
846,1.9135147,.17033848,-3.1965547,-2.1051624
847,-13.815867,-3.1637051,-3.1965547,-2.1051624
848,-4.3987422,-.92621076,-3.1965547,-2.1051624
849,1.2675133,.98911595,-3.1965547,-2.1051624
850,-4.1196294,-1.568327,-3.1965547,-2.1051624
851,1.2505846,-2.1041422,-3.1965547,-2.1051624
852,-7.7079148,-.66265243,-3.1965547,-2.1051624
854,2.8515933,.02680997,-3.1965547,-2.1051624
855,-.78368872,-2.2812498,-3.1965547,-2.1051624
857,-5.1662054,.33741888,-3.1965547,-2.1051624
858,-15.134665,-3.4581835,-3.1965547,-2.1051624
859,1.5351163,-.77044564,-3.1965547,-2.1051624
861,-4.1282611,-.0060598771,-3.1965547,-2.1051624
862,2.5741019,-7.1251726,-3.1965547,-2.1051624
863,-6.507925,-.64954311,-3.1965547,-2.1051624
864,-6.9364352,-.69926488,-3.1965547,-2.1051624
865,-11.246361,-.68298596,-3.1965547,-2.1051624
866,1.4184481,-1.4407465,-3.1965547,-2.1051624
867,-.66573024,-1.0405179,-3.1965547,-2.1051624
868,3.4817605,.96523106,-3.1965547,-2.1051624
869,.64839292,-1.1096916,-3.1965547,-2.1051624
871,-2.6921136,-.050526146,-3.1965547,-2.1051624
872,-.48084906,.43355304,-3.1965547,-2.1051624
873,3.7382357,-.67176485,-3.1965547,-2.1051624
874,-1.1282506,-.23994014,-3.1965547,-2.1051624
876,2.0197306,-1.947401,-3.1965547,-2.1051624
877,-7.7235827,-1.7533528,-3.1965547,-2.1051624
878,4.2266283,.49722338,-3.1965547,-2.1051624
879,2.0841231,-.020366604,-3.1965547,-2.1051624
880,2.848407,.30934042,-3.1965547,-2.1051624
881,-8.9798069,-.52559125,-3.1965547,-2.1051624
882,-.63785398,-2.4254274,-3.1965547,-2.1051624
883,-.47479832,-1.1433887,-3.1965547,-2.1051624
884,-6.7356396,-.50635028,-3.1965547,-2.1051624
885,-4.2085977,-.56674486,-3.1965547,-2.1051624
886,2.7100046,.5605886,-3.1965547,-2.1051624
887,.65863979,-1.0602704,-3.1965547,-2.1051624
889,-4.9581828,-1.8784355,-3.1965547,-2.1051624
890,.81863666,.71694487,-3.1965547,-2.1051624
891,4.6676593,.4275676,-3.1965547,-2.1051624
893,-8.6809301,-3.1755135,-3.1965547,-2.1051624
895,3.9383321,.57226801,-3.1965547,-2.1051624
896,-4.6076527,.32019708,-3.1965547,-2.1051624
897,1.2261989,-.76632142,-3.1965547,-2.1051624
898,-6.4055319,-1.0454535,-3.1965547,-2.1051624
899,.13958585,.26626956,-3.1965547,-2.1051624
900,2.7007694,-.21757387,-3.1965547,-2.1051624
901,-12.543345,-2.8917975,-3.1965547,-2.1051624
902,2.5677013,-.3268775,-3.1965547,-2.1051624
904,-7.2406669,-.7705524,-3.1965547,-2.1051624
905,-7.0506463,-.18238035,-3.1965547,-2.1051624
906,-.84111309,-.30865708,-3.1965547,-2.1051624
907,3.4738908,.57245916,-3.1965547,-2.1051624
908,-6.0681534,.34385949,-3.1965547,-2.1051624
909,-2.3329513,-.96607935,-3.1965547,-2.1051624
910,-9.4518127,-2.9438307,-3.1965547,-2.1051624
911,-1.7216915,-.26255846,-3.1965547,-2.1051624
912,-.23021735,-.099872157,-3.1965547,-2.1051624
913,1.8054806,.46796194,-3.1965547,-2.1051624
914,.53100353,.46988556,-3.1965547,-2.1051624
917,-.75022751,.42783311,-3.1965547,-2.1051624
918,-3.3043921,-.50263655,-3.1965547,-2.1051624
919,-25.230505,-3.7448421,-3.1965547,-2.1051624
920,.38986614,-2.5401189,-3.1965547,-2.1051624
922,-7.7866902,-.78189921,-3.1965547,-2.1051624
923,-10.099803,-1.2915052,-3.1965547,-2.1051624
924,-6.2449789,-1.2215271,-3.1965547,-2.1051624
925,-3.2140765,-.56080079,-3.1965547,-2.1051624
926,1.1513566,-.43671837,-3.1965547,-2.1051624
927,2.0725949,-.59708512,-3.1965547,-2.1051624
928,.47119153,.88511544,-3.1965547,-2.1051624
929,2.7113717,.23532122,-3.1965547,-2.1051624
930,-8.8036423,.85920483,-3.1965547,-2.1051624
931,3.0631428,.28138402,-3.1965547,-2.1051624
932,-3.2271123,-1.1983867,-3.1965547,-2.1051624
935,-4.7562776,-.010036618,-3.1965547,-2.1051624
936,-5.6081471,-.31311214,-3.1965547,-2.1051624
937,3.595037,.48578852,-3.1965547,-2.1051624
938,-.31909606,-.66730601,-3.1965547,-2.1051624
941,-13.334006,-1.4256186,-3.1965547,-2.1051624
942,1.6236367,-.20018166,-3.1965547,-2.1051624
943,-9.8047819,-2.4840889,-3.1965547,-2.1051624
944,1.1984054,-.95432854,-3.1965547,-2.1051624
945,-5.5805488,-1.1047082,-3.1965547,-2.1051624
946,.7735306,.33784109,-3.1965547,-2.1051624
948,-4.1937132,-.48946127,-3.1965547,-2.1051624
949,-3.1734324,-.59245384,-3.1965547,-2.1051624
950,-11.073678,-.365724,-3.1965547,-2.1051624
951,-4.7013659,-.5489915,-3.1965547,-2.1051624
952,-2.9858489,-1.0922985,-3.1965547,-2.1051624
953,-2.4611113,-.7461006,-3.1965547,-2.1051624
954,2.1660192,-.4597472,-3.1965547,-2.1051624
955,1.0651425,-2.0672038,-3.1965547,-2.1051624
956,-4.7708621,-3.2802489,-3.1965547,-2.1051624
957,-4.123735,-.41765907,-3.1965547,-2.1051624
958,-8.5650673,-1.7097255,-3.1965547,-2.1051624
959,-2.3487167,.18754676,-3.1965547,-2.1051624
960,-4.1163697,-1.0021827,-3.1965547,-2.1051624
961,-4.1223965,.077463865,-3.1965547,-2.1051624
962,.63604057,.12199386,-3.1965547,-2.1051624
963,-.58152282,-.5310775,-3.1965547,-2.1051624
964,-.20120527,-.95441955,-3.1965547,-2.1051624
965,1.5890908,-2.0926518,-3.1965547,-2.1051624
966,-5.8501315,.35711417,-3.1965547,-2.1051624
967,-2.8696635,-.73870677,-3.1965547,-2.1051624
968,-1.5319937,.87121993,-3.1965547,-2.1051624
969,2.0103314,-.58947307,-3.1965547,-2.1051624
970,-.58977038,-2.2792535,-3.1965547,-2.1051624
971,-5.3466902,.24749957,-3.1965547,-2.1051624
973,-4.2185559,-.2230693,-3.1965547,-2.1051624
975,-8.6293249,-1.2519547,-3.1965547,-2.1051624
976,-4.8248968,-.073382109,-3.1965547,-2.1051624
980,-7.4775038,-.12043737,-3.1965547,-2.1051624
981,2.2047961,-.1458407,-3.1965547,-2.1051624
982,.58338451,1.1796799,-3.1965547,-2.1051624
984,-2.6152542,-1.614623,-3.1965547,-2.1051624
985,-6.2546864,-1.6007715,-3.1965547,-2.1051624
986,-.13531405,.72583801,-3.1965547,-2.1051624
988,-5.7993989,-1.0578182,-3.1965547,-2.1051624
989,-6.3276782,-.0019614764,-3.1965547,-2.1051624
990,-10.987215,-1.1796976,-3.1965547,-2.1051624
991,-5.4698405,-2.1147718,-3.1965547,-2.1051624
992,-12.201779,-1.6443502,-3.1965547,-2.1051624
993,-6.8719249,-.84766811,-3.1965547,-2.1051624
996,1.2944131,-.64117533,-3.1965547,-2.1051624
997,-.010523781,-1.0932602,-3.1965547,-2.1051624
999,-7.7762413,-.32529584,-3.1965547,-2.1051624
1000,-5.6734824,-.37042561,-3.1965547,-2.1051624
1001,-4.9028716,.84907407,-3.1965547,-2.1051624
1002,1.1073319,-1.3246616,-3.1965547,-2.1051624
1003,-1.8876065,-.0048807194,-3.1965547,-2.1051624
1004,-.10247267,-1.6308229,-3.1965547,-2.1051624
1005,-.035369422,-.93119484,-3.1965547,-2.1051624
1006,2.0163803,-.20985588,-3.1965547,-2.1051624
1009,-5.7187419,-.18307708,-3.1965547,-2.1051624
1010,-4.3489413,-1.4442338,-3.1965547,-2.1051624
1012,-4.6984129,-2.5975902,-3.1965547,-2.1051624
1013,-7.0831733,-3.0059075,-3.1965547,-2.1051624
1014,-.42317262,-1.0660987,-3.1965547,-2.1051624
1015,2.2296281,-.7553727,-3.1965547,-2.1051624
1016,-8.7905197,-.64496011,-3.1965547,-2.1051624
1017,-8.7326393,-2.5795004,-3.1965547,-2.1051624
1018,1.2027794,.59073466,-3.1965547,-2.1051624
1019,-12.041996,-1.91392,-3.1965547,-2.1051624
1020,-8.7364197,.06145142,-3.1965547,-2.1051624
1021,-7.3343363,-3.477401,-3.1965547,-2.1051624
1022,-6.0804148,.6571818,-3.1965547,-2.1051624
1023,-3.393743,-.61894655,-3.1965547,-2.1051624
1024,3.834461,-.56750131,-3.1965547,-2.1051624
1025,-6.126864,-.65044397,-3.1965547,-2.1051624
1026,1.1219335,-.44077873,-3.1965547,-2.1051624
1027,-9.3809319,-1.1297373,-3.1965547,-2.1051624
1028,.2349146,-1.3193747,-3.1965547,-2.1051624
1029,.39773589,-7.4911242,-3.1965547,-2.1051624
1030,-14.785876,-3.3124256,-3.1965547,-2.1051624
1032,3.4111845,.73170972,-3.1965547,-2.1051624
1033,-11.079967,.58376175,-3.1965547,-2.1051624
1034,-7.3734403,-.36160418,-3.1965547,-2.1051624
1035,-3.5126224,.0118957,-3.1965547,-2.1051624
1037,-3.2109852,.64483482,-3.1965547,-2.1051624
1039,.17201783,-1.7264562,-3.1965547,-2.1051624
1040,-8.172471,-.33513701,-3.1965547,-2.1051624
1041,.40724447,.067094736,-3.1965547,-2.1051624
1042,.99631405,-.080985419,-3.1965547,-2.1051624
1043,-4.0208673,-3.1819372,-3.1965547,-2.1051624
1044,3.5926645,.88703805,-3.1965547,-2.1051624
1045,2.0254436,-.84971797,-3.1965547,-2.1051624
1050,-2.7454741,-4.6089745,-3.1965547,-2.1051624
1051,-7.02742,-1.5885922,-3.1965547,-2.1051624
1052,2.1479077,-.58014321,-3.1965547,-2.1051624
1053,2.2136879,.1082656,-3.1965547,-2.1051624
1054,-7.9459548,-.20654736,-3.1965547,-2.1051624
1056,-6.6911163,.07608182,-3.1965547,-2.1051624
1058,.96614838,.1060994,-3.1965547,-2.1051624
1059,-3.4291589,-.23784465,-3.1965547,-2.1051624
1060,-13.303177,-2.5371778,-3.1965547,-2.1051624
1062,-1.7404407,-.58037227,-3.1965547,-2.1051624
1063,-.78958541,-1.2169816,-3.1965547,-2.1051624
1064,.59028727,-.43485746,-3.1965547,-2.1051624
1065,-6.8757386,-.45832649,-3.1965547,-2.1051624
1066,-2.4549174,-.87577838,-3.1965547,-2.1051624
1067,.88022655,-.58239144,-3.1965547,-2.1051624
1069,-9.5111198,.38579598,-3.1965547,-2.1051624
1070,-7.3760247,-1.0012562,-3.1965547,-2.1051624
1072,-10.849277,-1.7188357,-3.1965547,-2.1051624
1073,-8.1488047,-.25589964,-3.1965547,-2.1051624
1074,2.9097455,-.12653844,-3.1965547,-2.1051624
1075,-6.6257749,-2.1421919,-3.1965547,-2.1051624
1076,-2.9459302,-.57786041,-3.1965547,-2.1051624
1077,.82994628,-1.3173302,-3.1965547,-2.1051624
1078,1.8920444,.29397121,-3.1965547,-2.1051624
1079,-10.493657,-.59634489,-3.1965547,-2.1051624
1080,-.4729681,-1.3049631,-3.1965547,-2.1051624
1081,-5.6968541,-.61767006,-3.1965547,-2.1051624
1082,-11.747541,-1.0269613,-3.1965547,-2.1051624
1083,-12.846683,-1.6164752,-3.1965547,-2.1051624
1084,-4.9991522,-3.1956644,-3.1965547,-2.1051624
1085,2.2373915,-.54848599,-3.1965547,-2.1051624
1086,-17.200109,-2.9558079,-3.1965547,-2.1051624
1087,-15.268046,-3.6141891,-3.1965547,-2.1051624
1088,-9.2546005,-.70441288,-3.1965547,-2.1051624
1089,-3.9977646,-1.387228,-3.1965547,-2.1051624
1092,-6.9808946,.31004661,-3.1965547,-2.1051624
1094,-15.027453,-2.7430131,-3.1965547,-2.1051624
1097,-3.8109994,-9.7642984,-3.1965547,-2.1051624
1098,.69652849,.10549432,-3.1965547,-2.1051624
1100,.96286744,-1.9980756,-3.1965547,-2.1051624
1101,-5.1671605,.18353152,-3.1965547,-2.1051624
1102,-15.13947,-1.1223626,-3.1965547,-2.1051624
1104,2.1921124,-.71750784,-3.1965547,-2.1051624
1105,.91334498,-.23586041,-3.1965547,-2.1051624
1108,-5.5610566,-1.402474,-3.1965547,-2.1051624
1109,-2.6358857,-.32344899,-3.1965547,-2.1051624
1110,2.3848693,.064056352,-3.1965547,-2.1051624
1111,-1.9369545,-3.5091062,-3.1965547,-2.1051624
1112,3.0199208,.90046579,-3.1965547,-2.1051624
1114,-2.7647493,.028967114,-3.1965547,-2.1051624
1115,-6.7164011,-.32885742,-3.1965547,-2.1051624
1116,-10.441319,-.58713561,-3.1965547,-2.1051624
1118,-2.3460376,-2.7574356,-3.1965547,-2.1051624
1119,1.7808312,1.4909004,-3.1965547,-2.1051624
1120,-3.6846249,-.84271079,-3.1965547,-2.1051624
1122,-.19797033,1.0659785,-3.1965547,-2.1051624
1123,2.1840434,.63608211,-3.1965547,-2.1051624
1124,-20.06806,-2.3709886,-3.1965547,-2.1051624
1125,3.2184734,1.1690851,-3.1965547,-2.1051624
1127,1.0291675,-2.8309984,-3.1965547,-2.1051624
1128,1.3141484,.74780732,-3.1965547,-2.1051624
1129,-15.889064,-1.0449231,-3.1965547,-2.1051624
1131,.66482621,-2.9473324,-3.1965547,-2.1051624
1132,-2.155885,-.12902404,-3.1965547,-2.1051624
1133,-.18096159,-1.2864082,-3.1965547,-2.1051624
1134,-4.7606506,.70600092,-3.1965547,-2.1051624
1135,2.6886168,-.99554729,-3.1965547,-2.1051624
1136,-3.7135625,-2.5569766,-3.1965547,-2.1051624
1137,-5.4330878,-.0038797278,-3.1965547,-2.1051624
1138,-5.384388,-.3474544,-3.1965547,-2.1051624
1139,-2.2725759,-3.0916679,-3.1965547,-2.1051624
1140,-8.96696,-.60091621,-3.1965547,-2.1051624
1143,-3.7576747,-.82593381,-3.1965547,-2.1051624
1144,2.7719305,-.97094297,-3.1965547,-2.1051624
1145,1.2072642,.65706265,-3.1965547,-2.1051624
1146,-9.4270077,-1.4325227,-3.1965547,-2.1051624
1147,1.1859716,-.60897809,-3.1965547,-2.1051624
1149,-7.1443381,-.76534045,-3.1965547,-2.1051624
1150,-3.439296,.024524551,-3.1965547,-2.1051624
1151,4.2476397,.60141248,-3.1965547,-2.1051624
1152,-14.431114,-2.0444834,-3.1965547,-2.1051624
1153,1.1353858,-.74442387,-3.1965547,-2.1051624
1155,-3.4953356,-.19506288,-3.1965547,-2.1051624
1158,-6.4798903,-.70138276,-3.1965547,-2.1051624
1159,.65373224,-1.2225513,-3.1965547,-2.1051624
1160,-8.5042114,-3.4244738,-3.1965547,-2.1051624
1162,2.8622608,.10429931,-3.1965547,-2.1051624
1163,-.40056738,-.74091053,-3.1965547,-2.1051624
1165,-1.6079334,.85205156,-3.1965547,-2.1051624
1167,-3.1800616,-1.0100476,-3.1965547,-2.1051624
1169,-.40189186,.04017679,-3.1965547,-2.1051624
1171,3.1608181,-1.5298667,-3.1965547,-2.1051624
1173,-1.6481531,-.87819701,-3.1965547,-2.1051624
1175,1.612147,-.61282921,-3.1965547,-2.1051624
1176,-20.34507,-3.8046961,-3.1965547,-2.1051624
1178,-6.1224904,-.64617699,-3.1965547,-2.1051624
1179,-8.3403692,-.82449204,-3.1965547,-2.1051624
1180,1.6520452,-1.2622602,-3.1965547,-2.1051624
1182,2.761575,-1.4840997,-3.1965547,-2.1051624
1183,-2.3882248,.37975308,-3.1965547,-2.1051624
1184,2.4793115,-.68948972,-3.1965547,-2.1051624
1185,-7.1859159,-.91756171,-3.1965547,-2.1051624
1186,2.7869976,-.21590917,-3.1965547,-2.1051624
1187,2.5971854,.067443617,-3.1965547,-2.1051624
1188,.64852494,1.1013461,-3.1965547,-2.1051624
1189,2.5738142,.066020168,-3.1965547,-2.1051624
1191,-19.887169,-.58415741,-3.1965547,-2.1051624
1193,1.9574126,-1.7247143,-3.1965547,-2.1051624
1194,2.0692289,-.41359645,-3.1965547,-2.1051624
1196,-.95679373,-.026301641,-3.1965547,-2.1051624
1199,-11.453949,-2.7399158,-3.1965547,-2.1051624
1200,.48680598,-1.640753,-3.1965547,-2.1051624
1201,-1.2477794,1.4839927,-3.1965547,-2.1051624
1202,2.1056137,-.48259142,-3.1965547,-2.1051624
1204,-12.73611,-.031466823,-3.1965547,-2.1051624
1206,-3.3595476,1.7128487,-3.1965547,-2.1051624
1212,-3.8630896,-1.3612255,-3.1965547,-2.1051624
1214,-1.5508604,-1.4358138,-3.1965547,-2.1051624
1215,.45649764,-.62760097,-3.1965547,-2.1051624
1216,-7.4181266,-2.1539285,-3.1965547,-2.1051624
1218,-.98512226,-1.1023852,-3.1965547,-2.1051624
1221,1.7584715,-2.0065155,-3.1965547,-2.1051624
1222,-13.362872,-2.060267,-3.1965547,-2.1051624
1225,-6.5544653,.12718266,-3.1965547,-2.1051624
1228,3.8564196,.29496285,-3.1965547,-2.1051624
1230,-.04826197,1.3488033,-3.1965547,-2.1051624
1232,2.2750669,-.97286779,-3.1965547,-2.1051624
1233,2.4989536,-1.0603271,-3.1965547,-2.1051624
1235,1.2301824,.066343419,-3.1965547,-2.1051624
1237,1.0984989,.83475465,-3.1965547,-2.1051624
1238,-17.729959,-1.1678127,-3.1965547,-2.1051624
1239,2.2552228,-.082596056,-3.1965547,-2.1051624
1241,-4.2749901,.2711913,-3.1965547,-2.1051624
1242,-.75183266,.79220462,-3.1965547,-2.1051624
1246,-1.7519348,-1.7039502,-3.1965547,-2.1051624
1249,-9.7000399,-3.1538808,-3.1965547,-2.1051624
1252,-3.2154539,.43830925,-3.1965547,-2.1051624
1254,3.0545936,-1.2604039,-3.1965547,-2.1051624
1256,1.7622291,-1.1583594,-3.1965547,-2.1051624
1257,1.434533,-.88501459,-3.1965547,-2.1051624
1259,1.7598425,1.1624672,-3.1965547,-2.1051624
1260,2.6551204,.66083974,-3.1965547,-2.1051624
1262,1.0685644,-.27052593,-3.1965547,-2.1051624
1263,2.8261061,.38009787,-3.1965547,-2.1051624
1265,-.41295028,-.21220197,-3.1965547,-2.1051624
1269,-10.142463,-.098364405,-3.1965547,-2.1051624
1270,-2.8413539,-.73582649,-3.1965547,-2.1051624
1274,.063750744,-.89663225,-3.1965547,-2.1051624
1275,.89944661,-.26929143,-3.1965547,-2.1051624
1280,2.5741053,.67736471,-3.1965547,-2.1051624
1283,-6.6483259,-.19647047,-3.1965547,-2.1051624
1286,.21205878,.40673715,-3.1965547,-2.1051624
1287,-5.3172898,.022217631,-3.1965547,-2.1051624
1292,2.8295922,.65475029,-3.1965547,-2.1051624
1293,.95599413,-.34195593,-3.1965547,-2.1051624
1294,1.7388322,-1.1722298,-3.1965547,-2.1051624
1300,-6.4541893,-.49863145,-3.1965547,-2.1051624
1302,-10.095918,-1.5136423,-3.1965547,-2.1051624
1303,2.0325565,-1.1954737,-3.1965547,-2.1051624
1304,2.1209736,-1.1581501,-3.1965547,-2.1051624
1309,-5.0676546,-.24264432,-3.1965547,-2.1051624
1310,.23797591,-1.4859065,-3.1965547,-2.1051624
1312,-.3270618,-.4752329,-3.1965547,-2.1051624
1313,-4.6769042,-3.1506615,-3.1965547,-2.1051624
1317,1.9532514,-1.3549643,-3.1965547,-2.1051624
1320,-2.6693401,-4.3271723,-3.1965547,-2.1051624
1321,.18192516,-1.1383903,-3.1965547,-2.1051624
1323,-16.348406,-1.6502177,-3.1965547,-2.1051624
1325,.9543395,-.59539491,-3.1965547,-2.1051624
1327,-9.6303988,.033083018,-3.1965547,-2.1051624
1330,-.84701431,.22309011,-3.1965547,-2.1051624
1333,.62601835,.22002324,-3.1965547,-2.1051624
1334,.6661219,-.78430283,-3.1965547,-2.1051624
1340,1.2678957,-1.8680975,-3.1965547,-2.1051624
1342,-.79571021,-.15832947,-3.1965547,-2.1051624
1345,1.4620463,.68460929,-3.1965547,-2.1051624
1346,-5.6636672,1.2029607,-3.1965547,-2.1051624
1348,.57745343,-2.4792693,-3.1965547,-2.1051624
1349,1.6342977,-.94666582,-3.1965547,-2.1051624
1350,1.4867513,-1.2009724,-3.1965547,-2.1051624
1352,-3.4561074,-1.4106754,-3.1965547,-2.1051624
1353,-6.7512698,-1.1910523,-3.1965547,-2.1051624
1356,.80173898,-1.0735115,-3.1965547,-2.1051624
1357,-7.9561853,-1.1037331,-3.1965547,-2.1051624
1358,1.0901438,-1.1916121,-3.1965547,-2.1051624
1359,-5.4341302,.37667319,-3.1965547,-2.1051624
1360,-3.9132316,-.32034937,-3.1965547,-2.1051624
1362,-23.329428,-4.2279716,-3.1965547,-2.1051624
1365,-4.3528619,-1.8088667,-3.1965547,-2.1051624
1366,3.0864003,1.1344669,-3.1965547,-2.1051624
1369,-10.586118,-.74671161,-3.1965547,-2.1051624
1370,-.91259933,-.14826615,-3.1965547,-2.1051624
1372,4.3376303,1.3313406,-3.1965547,-2.1051624
1373,1.7786124,.43903077,-3.1965547,-2.1051624
1374,4.0314074,.21165431,-3.1965547,-2.1051624
1375,.86167246,-.5776509,-3.1965547,-2.1051624
1377,-2.3139136,-.20187539,-3.1965547,-2.1051624
1379,3.5390899,.26328713,-3.1965547,-2.1051624
1380,-16.295324,-1.7380006,-3.1965547,-2.1051624
1382,2.1785505,.33084762,-3.1965547,-2.1051624
1383,1.0128254,-1.12955,-3.1965547,-2.1051624
1385,-2.8880124,.33247405,-3.1965547,-2.1051624
1389,1.0251549,-.45988739,-3.1965547,-2.1051624
1390,-12.871028,-.49666929,-3.1965547,-2.1051624
1391,.55607593,-.62648344,-3.1965547,-2.1051624
1392,.95595229,-.82879144,-3.1965547,-2.1051624
1394,-1.0294583,-.45817751,-3.1965547,-2.1051624
1395,.49585509,.17052974,-3.1965547,-2.1051624
1397,.88289797,-.16974843,-3.1965547,-2.1051624
1399,-4.6994205,.38101813,-3.1965547,-2.1051624
1402,3.4024444,.47795758,-3.1965547,-2.1051624
1403,-3.7122703,-.47617704,-3.1965547,-2.1051624
1406,-3.1714377,-1.4385542,-3.1965547,-2.1051624
1408,.84158707,-1.3469443,-3.1965547,-2.1051624
1409,-2.702749,-1.384478,-3.1965547,-2.1051624
1410,1.2196053,-.90957034,-3.1965547,-2.1051624
1411,.11314987,.26761091,-3.1965547,-2.1051624
1412,2.5004528,.59305912,-3.1965547,-2.1051624
1413,-.31889695,-1.3928785,-3.1965547,-2.1051624
1414,-7.9181414,-2.9849889,-3.1965547,-2.1051624
1416,.6387614,-1.2992687,-3.1965547,-2.1051624
1417,-1.2213761,-3.0855992,-3.1965547,-2.1051624
1419,-16.186079,-.94175911,-3.1965547,-2.1051624
1422,-4.8927107,-.59763998,-3.1965547,-2.1051624
1423,.047730729,.72833925,-3.1965547,-2.1051624
1425,-2.0072408,1.7171724,-3.1965547,-2.1051624
1426,1.7257566,-.75691485,-3.1965547,-2.1051624
1427,1.0974598,-1.0219789,-3.1965547,-2.1051624
1432,.57163137,-.66007525,-3.1965547,-2.1051624
1433,-2.3302197,-.53865719,-3.1965547,-2.1051624
1434,-3.5103011,-.78892028,-3.1965547,-2.1051624
1435,1.7958431,.85306674,-3.1965547,-2.1051624
1436,-.90188271,.22864911,-3.1965547,-2.1051624
1439,-10.882286,-.9198969,-3.1965547,-2.1051624
1440,2.6069744,.86787677,-3.1965547,-2.1051624
1442,2.3615236,1.1395197,-3.1965547,-2.1051624
1445,.24075945,-1.124499,-3.1965547,-2.1051624
1447,1.0129461,.51582783,-3.1965547,-2.1051624
1448,-3.7055721,.55232549,-3.1965547,-2.1051624
1449,2.072068,-1.1535881,-3.1965547,-2.1051624
1454,1.3850399,-.84345084,-3.1965547,-2.1051624
1456,3.5390804,.3308852,-3.1965547,-2.1051624
1457,-.6449092,-1.8947029,-3.1965547,-2.1051624
1458,1.8085071,-.46917567,-3.1965547,-2.1051624
1459,-.096874073,1.9946704,-3.1965547,-2.1051624
1460,-6.3165956,.012246013,-3.1965547,-2.1051624
1461,-27.606098,-2.9773293,-3.1965547,-2.1051624
1463,1.8540806,-.26899055,-3.1965547,-2.1051624
1467,4.3790588,2.2962842,-3.1965547,-2.1051624
1469,-.41371089,-.68534887,-3.1965547,-2.1051624
1473,-3.9609377,-.3297314,-3.1965547,-2.1051624
1474,-1.6842815,.12971762,-3.1965547,-2.1051624
1475,-5.3074732,-.56833023,-3.1965547,-2.1051624
1476,2.3947883,.80660093,-3.1965547,-2.1051624
1479,-4.911808,-1.9447764,-3.1965547,-2.1051624
1480,2.3651664,.38527268,-3.1965547,-2.1051624
1482,1.5162585,.13219632,-3.1965547,-2.1051624
1483,-.0078070527,-1.5556384,-3.1965547,-2.1051624
1489,-1.9395058,-1.5379437,-3.1965547,-2.1051624
1490,-7.1901879,.48274168,-3.1965547,-2.1051624
1491,2.9608369,1.1886255,-3.1965547,-2.1051624
1493,-.33041814,-.64782935,-3.1965547,-2.1051624
1494,3.0519569,.81737697,-3.1965547,-2.1051624
1495,.1210043,-.30471963,-3.1965547,-2.1051624
1496,-18.796499,-3.0844615,-3.1965547,-2.1051624
1497,2.126451,.6674059,-3.1965547,-2.1051624
1498,-3.7169144,.76428616,-3.1965547,-2.1051624
1499,.060429014,-.88904899,-3.1965547,-2.1051624
1500,-.16160537,-1.1511945,-3.1965547,-2.1051624
1502,1.0256751,-.65530103,-3.1965547,-2.1051624
1503,2.8850839,-.60157979,-3.1965547,-2.1051624
1505,1.8906379,-.90095055,-3.1965547,-2.1051624
1507,3.1710746,1.8112456,-3.1965547,-2.1051624
1510,-.43247393,-1.0088164,-3.1965547,-2.1051624
1515,2.6133735,.50194544,-3.1965547,-2.1051624
1516,2.5911794,-1.1033623,-3.1965547,-2.1051624
1519,-3.7874966,-.93189555,-3.1965547,-2.1051624
1525,2.2717998,.55927831,-3.1965547,-2.1051624
1529,1.9871889,.47542784,-3.1965547,-2.1051624
1534,.81773585,-2.7488861,-3.1965547,-2.1051624
1536,2.1614642,1.1898938,-3.1965547,-2.1051624
1539,1.9336001,-.72024578,-3.1965547,-2.1051624
1541,-2.274065,-1.8717283,-3.1965547,-2.1051624
1543,.82561564,.12716754,-3.1965547,-2.1051624
1547,1.3224425,.12573345,-3.1965547,-2.1051624
1548,-1.45815,-.41737303,-3.1965547,-2.1051624
1549,.83652288,-.34747145,-3.1965547,-2.1051624
1550,2.6872187,-.82872957,-3.1965547,-2.1051624
1556,-1.5153387,.21569535,-3.1965547,-2.1051624
1558,-9.8252869,-.60972607,-3.1965547,-2.1051624
1559,3.4455652,.90068245,-3.1965547,-2.1051624
1570,-14.373754,-.21057881,-3.1965547,-2.1051624
1571,1.931136,1.2506621,-3.1965547,-2.1051624
1575,1.1305971,.40820023,-3.1965547,-2.1051624
1577,2.8087711,.29185951,-3.1965547,-2.1051624
1587,-.10171089,-.028632058,-3.1965547,-2.1051624
1593,1.6362511,.29142687,-3.1965547,-2.1051624
1604,2.6442022,.60550743,-3.1965547,-2.1051624
1626,-10.700644,-.22732508,-3.1965547,-2.1051624
1630,4.5106997,2.5069444,-3.1965547,-2.1051624
1651,3.3615375,.01364678,-3.1965547,-2.1051624
1670,-4.2895861,-.70141989,-3.1965547,-2.1051624
1698,-1.0387074,1.394264,-3.1965547,-2.1051624
1705,4.4344525,.90403944,-3.1965547,-2.1051624
1726,-2.1456604,.49973193,-3.1965547,-2.1051624
1732,4.4718966,.84777403,-3.1965547,-2.1051624
1747,-4.740449,.20016061,-3.1965547,-2.1051624
